rank_best_elbo,run_dir,best_elbo,iter_at_best_elbo,last_elbo,delta_best_elbo_vs_best,test_rmse,valid_rmse,batch_size,n_mc_samples,use_sigmoid_output,n_iters,prior_stddev,likelihood_stddev,hidden_sizes,step_size,init_q_stddev,seed,elbo_column,history_csv
1,arch_100_iters_2000_bs_128_mc_100_lr_0p001_prior_0p5_lik_0p2_qstd_0p05_sigmoid_seed_101,-65.92308807373047,2000,-65.92308807373047,0.0,0.14028842747211456,0.28036823868751526,128,100,True,2000,0.5,0.2,100,0.001,0.05,101,train_elbo,hvm/hparam_results/arch_100_iters_2000_bs_128_mc_100_lr_0p001_prior_0p5_lik_0p2_qstd_0p05_sigmoid_seed_101/history.csv
2,arch_100_iters_2000_bs_64_mc_100_lr_0p001_prior_0p5_lik_0p2_qstd_0p05_sigmoid_seed_101,-66.02294921875,2000,-66.02294921875,0.09986114501953125,0.14198987185955048,0.27621713280677795,64,100,True,2000,0.5,0.2,100,0.001,0.05,101,train_elbo,hvm/hparam_results/arch_100_iters_2000_bs_64_mc_100_lr_0p001_prior_0p5_lik_0p2_qstd_0p05_sigmoid_seed_101/history.csv
3,arch_100_iters_2000_bs_128_mc_50_lr_0p001_prior_0p5_lik_0p2_qstd_0p05_sigmoid_seed_101,-66.06036376953125,2000,-66.06036376953125,0.13727569580078125,0.14015492796897888,0.27711349725723267,128,50,True,2000,0.5,0.2,100,0.001,0.05,101,train_elbo,hvm/hparam_results/arch_100_iters_2000_bs_128_mc_50_lr_0p001_prior_0p5_lik_0p2_qstd_0p05_sigmoid_seed_101/history.csv
4,arch_100_iters_2000_bs_32_mc_100_lr_0p001_prior_0p5_lik_0p2_qstd_0p05_sigmoid_seed_101,-66.23664093017578,2000,-66.23664093017578,0.3135528564453125,0.1429159939289093,0.26874813437461853,32,100,True,2000,0.5,0.2,100,0.001,0.05,101,train_elbo,hvm/hparam_results/arch_100_iters_2000_bs_32_mc_100_lr_0p001_prior_0p5_lik_0p2_qstd_0p05_sigmoid_seed_101/history.csv
5,arch_100_iters_2000_bs_64_mc_50_lr_0p001_prior_0p5_lik_0p2_qstd_0p05_sigmoid_seed_101,-66.24365234375,2000,-66.24365234375,0.32056427001953125,0.1418488472700119,0.26960253715515137,64,50,True,2000,0.5,0.2,100,0.001,0.05,101,train_elbo,hvm/hparam_results/arch_100_iters_2000_bs_64_mc_50_lr_0p001_prior_0p5_lik_0p2_qstd_0p05_sigmoid_seed_101/history.csv
6,arch_100_iters_2000_bs_128_mc_100_lr_0p001_prior_0p5_lik_0p5_qstd_0p05_sigmoid_seed_101,-66.47941589355469,2000,-66.47941589355469,0.5563278198242188,0.14555160701274872,0.3035780191421509,128,100,True,2000,0.5,0.5,100,0.001,0.05,101,train_elbo,hvm/hparam_results/arch_100_iters_2000_bs_128_mc_100_lr_0p001_prior_0p5_lik_0p5_qstd_0p05_sigmoid_seed_101/history.csv
7,arch_100_iters_2000_bs_64_mc_100_lr_0p001_prior_0p5_lik_0p5_qstd_0p05_sigmoid_seed_101,-66.4872817993164,2000,-66.4872817993164,0.5641937255859375,0.14674176275730133,0.29742905497550964,64,100,True,2000,0.5,0.5,100,0.001,0.05,101,train_elbo,hvm/hparam_results/arch_100_iters_2000_bs_64_mc_100_lr_0p001_prior_0p5_lik_0p5_qstd_0p05_sigmoid_seed_101/history.csv
8,arch_100_iters_2000_bs_32_mc_100_lr_0p001_prior_0p5_lik_0p5_qstd_0p05_sigmoid_seed_101,-66.50856018066406,2000,-66.50856018066406,0.5854721069335938,0.14946645498275757,0.297384113073349,32,100,True,2000,0.5,0.5,100,0.001,0.05,101,train_elbo,hvm/hparam_results/arch_100_iters_2000_bs_32_mc_100_lr_0p001_prior_0p5_lik_0p5_qstd_0p05_sigmoid_seed_101/history.csv
9,arch_100_iters_2000_bs_128_mc_50_lr_0p001_prior_0p5_lik_0p5_qstd_0p05_sigmoid_seed_101,-66.5369873046875,2000,-66.5369873046875,0.6138992309570312,0.14555513858795166,0.30108383297920227,128,50,True,2000,0.5,0.5,100,0.001,0.05,101,train_elbo,hvm/hparam_results/arch_100_iters_2000_bs_128_mc_50_lr_0p001_prior_0p5_lik_0p5_qstd_0p05_sigmoid_seed_101/history.csv
10,arch_100_iters_2000_bs_64_mc_50_lr_0p001_prior_0p5_lik_0p5_qstd_0p05_sigmoid_seed_101,-66.54896545410156,2000,-66.54896545410156,0.6258773803710938,0.1470281034708023,0.29493585228919983,64,50,True,2000,0.5,0.5,100,0.001,0.05,101,train_elbo,hvm/hparam_results/arch_100_iters_2000_bs_64_mc_50_lr_0p001_prior_0p5_lik_0p5_qstd_0p05_sigmoid_seed_101/history.csv
11,arch_100_iters_2000_bs_32_mc_50_lr_0p001_prior_0p5_lik_0p5_qstd_0p05_sigmoid_seed_101,-66.58161163330078,2000,-66.58161163330078,0.6585235595703125,0.14897842705249786,0.29407697916030884,32,50,True,2000,0.5,0.5,100,0.001,0.05,101,train_elbo,hvm/hparam_results/arch_100_iters_2000_bs_32_mc_50_lr_0p001_prior_0p5_lik_0p5_qstd_0p05_sigmoid_seed_101/history.csv
12,arch_100_iters_2000_bs_32_mc_50_lr_0p001_prior_0p5_lik_0p2_qstd_0p05_sigmoid_seed_101,-66.6485824584961,2000,-66.6485824584961,0.725494384765625,0.1423185020685196,0.26284363865852356,32,50,True,2000,0.5,0.2,100,0.001,0.05,101,train_elbo,hvm/hparam_results/arch_100_iters_2000_bs_32_mc_50_lr_0p001_prior_0p5_lik_0p2_qstd_0p05_sigmoid_seed_101/history.csv
13,arch_100_iters_2000_bs_128_mc_100_lr_0p001_prior_0p5_lik_0p1_qstd_0p05_sigmoid_seed_101,-66.7071533203125,2000,-66.7071533203125,0.7840652465820312,0.13565188646316528,0.24003112316131592,128,100,True,2000,0.5,0.1,100,0.001,0.05,101,train_elbo,hvm/hparam_results/arch_100_iters_2000_bs_128_mc_100_lr_0p001_prior_0p5_lik_0p1_qstd_0p05_sigmoid_seed_101/history.csv
14,arch_100_iters_2000_bs_128_mc_50_lr_0p001_prior_0p5_lik_0p1_qstd_0p05_sigmoid_seed_101,-67.68733978271484,2000,-67.68733978271484,1.764251708984375,0.13530945777893066,0.22930318117141724,128,50,True,2000,0.5,0.1,100,0.001,0.05,101,train_elbo,hvm/hparam_results/arch_100_iters_2000_bs_128_mc_50_lr_0p001_prior_0p5_lik_0p1_qstd_0p05_sigmoid_seed_101/history.csv
15,arch_100_iters_2000_bs_64_mc_100_lr_0p001_prior_0p5_lik_0p1_qstd_0p05_sigmoid_seed_101,-67.68975830078125,2000,-67.68975830078125,1.7666702270507812,0.13664168119430542,0.22662097215652466,64,100,True,2000,0.5,0.1,100,0.001,0.05,101,train_elbo,hvm/hparam_results/arch_100_iters_2000_bs_64_mc_100_lr_0p001_prior_0p5_lik_0p1_qstd_0p05_sigmoid_seed_101/history.csv
16,arch_100_iters_2000_bs_32_mc_100_lr_0p001_prior_0p5_lik_0p1_qstd_0p05_sigmoid_seed_101,-69.58792114257812,2000,-69.58792114257812,3.6648330688476562,0.13700523972511292,0.22165769338607788,32,100,True,2000,0.5,0.1,100,0.001,0.05,101,train_elbo,hvm/hparam_results/arch_100_iters_2000_bs_32_mc_100_lr_0p001_prior_0p5_lik_0p1_qstd_0p05_sigmoid_seed_101/history.csv
17,arch_100_iters_2000_bs_64_mc_50_lr_0p001_prior_0p5_lik_0p1_qstd_0p05_sigmoid_seed_101,-69.59632873535156,2000,-69.59632873535156,3.6732406616210938,0.13626399636268616,0.22072279453277588,64,50,True,2000,0.5,0.1,100,0.001,0.05,101,train_elbo,hvm/hparam_results/arch_100_iters_2000_bs_64_mc_50_lr_0p001_prior_0p5_lik_0p1_qstd_0p05_sigmoid_seed_101/history.csv
18,arch_100_iters_2000_bs_32_mc_50_lr_0p001_prior_0p5_lik_0p1_qstd_0p05_sigmoid_seed_101,-73.44413757324219,2000,-73.44413757324219,7.521049499511719,0.13703252375125885,0.20844249427318573,32,50,True,2000,0.5,0.1,100,0.001,0.05,101,train_elbo,hvm/hparam_results/arch_100_iters_2000_bs_32_mc_50_lr_0p001_prior_0p5_lik_0p1_qstd_0p05_sigmoid_seed_101/history.csv
19,arch_100_iters_2000_bs_128_mc_100_lr_0p001_prior_0p5_lik_0p05_qstd_0p05_sigmoid_seed_101,-76.05445861816406,2000,-76.05445861816406,10.131370544433594,0.13489468395709991,0.16920553147792816,128,100,True,2000,0.5,0.05,100,0.001,0.05,101,train_elbo,hvm/hparam_results/arch_100_iters_2000_bs_128_mc_100_lr_0p001_prior_0p5_lik_0p05_qstd_0p05_sigmoid_seed_101/history.csv
20,arch_100_iters_2000_bs_128_mc_50_lr_0p001_prior_0p5_lik_0p05_qstd_0p05_sigmoid_seed_101,-85.12019348144531,2000,-85.12019348144531,19.197105407714844,0.13458222150802612,0.1667424738407135,128,50,True,2000,0.5,0.05,100,0.001,0.05,101,train_elbo,hvm/hparam_results/arch_100_iters_2000_bs_128_mc_50_lr_0p001_prior_0p5_lik_0p05_qstd_0p05_sigmoid_seed_101/history.csv
21,arch_100_iters_2000_bs_64_mc_100_lr_0p001_prior_0p5_lik_0p05_qstd_0p05_sigmoid_seed_101,-85.2861099243164,2000,-85.2861099243164,19.363021850585938,0.13508489727973938,0.1683189868927002,64,100,True,2000,0.5,0.05,100,0.001,0.05,101,train_elbo,hvm/hparam_results/arch_100_iters_2000_bs_64_mc_100_lr_0p001_prior_0p5_lik_0p05_qstd_0p05_sigmoid_seed_101/history.csv
22,arch_100_iters_2000_bs_64_mc_50_lr_0p001_prior_0p5_lik_0p05_qstd_0p05_sigmoid_seed_101,-101.96979522705078,2000,-101.96979522705078,36.04670715332031,0.13420285284519196,0.16306522488594055,64,50,True,2000,0.5,0.05,100,0.001,0.05,101,train_elbo,hvm/hparam_results/arch_100_iters_2000_bs_64_mc_50_lr_0p001_prior_0p5_lik_0p05_qstd_0p05_sigmoid_seed_101/history.csv
23,arch_100_iters_2000_bs_32_mc_100_lr_0p001_prior_0p5_lik_0p05_qstd_0p05_sigmoid_seed_101,-102.42292022705078,2000,-102.42292022705078,36.49983215332031,0.13473179936408997,0.16924183070659637,32,100,True,2000,0.5,0.05,100,0.001,0.05,101,train_elbo,hvm/hparam_results/arch_100_iters_2000_bs_32_mc_100_lr_0p001_prior_0p5_lik_0p05_qstd_0p05_sigmoid_seed_101/history.csv
24,arch_100_iters_2000_bs_32_mc_50_lr_0p001_prior_0p5_lik_0p05_qstd_0p05_sigmoid_seed_101,-129.97677612304688,2000,-129.97677612304688,64.0536880493164,0.13447205722332,0.1591092348098755,32,50,True,2000,0.5,0.05,100,0.001,0.05,101,train_elbo,hvm/hparam_results/arch_100_iters_2000_bs_32_mc_50_lr_0p001_prior_0p5_lik_0p05_qstd_0p05_sigmoid_seed_101/history.csv
25,arch_100_iters_2000_bs_128_mc_100_lr_0p001_prior_1p0_lik_0p2_qstd_0p05_sigmoid_seed_101,-213.06915283203125,2000,-213.06915283203125,147.14606475830078,0.13575337827205658,0.24396443367004395,128,100,True,2000,1.0,0.2,100,0.001,0.05,101,train_elbo,hvm/hparam_results/arch_100_iters_2000_bs_128_mc_100_lr_0p001_prior_1p0_lik_0p2_qstd_0p05_sigmoid_seed_101/history.csv
26,arch_100_iters_2000_bs_64_mc_100_lr_0p001_prior_1p0_lik_0p2_qstd_0p05_sigmoid_seed_101,-213.18519592285156,2000,-213.18519592285156,147.2621078491211,0.13687549531459808,0.2330569624900818,64,100,True,2000,1.0,0.2,100,0.001,0.05,101,train_elbo,hvm/hparam_results/arch_100_iters_2000_bs_64_mc_100_lr_0p001_prior_1p0_lik_0p2_qstd_0p05_sigmoid_seed_101/history.csv
27,arch_100_iters_2000_bs_128_mc_50_lr_0p001_prior_1p0_lik_0p2_qstd_0p05_sigmoid_seed_101,-213.21011352539062,2000,-213.21011352539062,147.28702545166016,0.13539466261863708,0.23142468929290771,128,50,True,2000,1.0,0.2,100,0.001,0.05,101,train_elbo,hvm/hparam_results/arch_100_iters_2000_bs_128_mc_50_lr_0p001_prior_1p0_lik_0p2_qstd_0p05_sigmoid_seed_101/history.csv
28,arch_100_iters_2000_bs_32_mc_100_lr_0p001_prior_1p0_lik_0p2_qstd_0p05_sigmoid_seed_101,-213.39700317382812,2000,-213.39700317382812,147.47391510009766,0.1370329111814499,0.22758594155311584,32,100,True,2000,1.0,0.2,100,0.001,0.05,101,train_elbo,hvm/hparam_results/arch_100_iters_2000_bs_32_mc_100_lr_0p001_prior_1p0_lik_0p2_qstd_0p05_sigmoid_seed_101/history.csv
29,arch_100_iters_2000_bs_64_mc_50_lr_0p001_prior_1p0_lik_0p2_qstd_0p05_sigmoid_seed_101,-213.41526794433594,2000,-213.41526794433594,147.49217987060547,0.13633215427398682,0.22571058571338654,64,50,True,2000,1.0,0.2,100,0.001,0.05,101,train_elbo,hvm/hparam_results/arch_100_iters_2000_bs_64_mc_50_lr_0p001_prior_1p0_lik_0p2_qstd_0p05_sigmoid_seed_101/history.csv
30,arch_100_iters_2000_bs_128_mc_100_lr_0p001_prior_1p0_lik_0p5_qstd_0p05_sigmoid_seed_101,-213.67843627929688,2000,-213.67843627929688,147.7553482055664,0.14149987697601318,0.2935238778591156,128,100,True,2000,1.0,0.5,100,0.001,0.05,101,train_elbo,hvm/hparam_results/arch_100_iters_2000_bs_128_mc_100_lr_0p001_prior_1p0_lik_0p5_qstd_0p05_sigmoid_seed_101/history.csv
31,arch_100_iters_2000_bs_64_mc_100_lr_0p001_prior_1p0_lik_0p5_qstd_0p05_sigmoid_seed_101,-213.68618774414062,2000,-213.68618774414062,147.76309967041016,0.14284373819828033,0.2895403802394867,64,100,True,2000,1.0,0.5,100,0.001,0.05,101,train_elbo,hvm/hparam_results/arch_100_iters_2000_bs_64_mc_100_lr_0p001_prior_1p0_lik_0p5_qstd_0p05_sigmoid_seed_101/history.csv
32,arch_100_iters_2000_bs_32_mc_100_lr_0p001_prior_1p0_lik_0p5_qstd_0p05_sigmoid_seed_101,-213.7085723876953,2000,-213.7085723876953,147.78548431396484,0.14396966993808746,0.28356316685676575,32,100,True,2000,1.0,0.5,100,0.001,0.05,101,train_elbo,hvm/hparam_results/arch_100_iters_2000_bs_32_mc_100_lr_0p001_prior_1p0_lik_0p5_qstd_0p05_sigmoid_seed_101/history.csv
33,arch_100_iters_2000_bs_128_mc_100_lr_0p001_prior_1p0_lik_0p1_qstd_0p05_sigmoid_seed_101,-213.720703125,2000,-213.720703125,147.79761505126953,0.1347174346446991,0.17419949173927307,128,100,True,2000,1.0,0.1,100,0.001,0.05,101,train_elbo,hvm/hparam_results/arch_100_iters_2000_bs_128_mc_100_lr_0p001_prior_1p0_lik_0p1_qstd_0p05_sigmoid_seed_101/history.csv
34,arch_100_iters_2000_bs_128_mc_50_lr_0p001_prior_1p0_lik_0p5_qstd_0p05_sigmoid_seed_101,-213.72979736328125,2000,-213.72979736328125,147.80670928955078,0.14132899045944214,0.2894057631492615,128,50,True,2000,1.0,0.5,100,0.001,0.05,101,train_elbo,hvm/hparam_results/arch_100_iters_2000_bs_128_mc_50_lr_0p001_prior_1p0_lik_0p5_qstd_0p05_sigmoid_seed_101/history.csv
35,arch_100_iters_2000_bs_64_mc_50_lr_0p001_prior_1p0_lik_0p5_qstd_0p05_sigmoid_seed_101,-213.74330139160156,2000,-213.74330139160156,147.8202133178711,0.14215101301670074,0.283464640378952,64,50,True,2000,1.0,0.5,100,0.001,0.05,101,train_elbo,hvm/hparam_results/arch_100_iters_2000_bs_64_mc_50_lr_0p001_prior_1p0_lik_0p5_qstd_0p05_sigmoid_seed_101/history.csv
36,arch_100_iters_2000_bs_32_mc_50_lr_0p001_prior_1p0_lik_0p5_qstd_0p05_sigmoid_seed_101,-213.77978515625,2000,-213.77978515625,147.85669708251953,0.1427062451839447,0.27729532122612,32,50,True,2000,1.0,0.5,100,0.001,0.05,101,train_elbo,hvm/hparam_results/arch_100_iters_2000_bs_32_mc_50_lr_0p001_prior_1p0_lik_0p5_qstd_0p05_sigmoid_seed_101/history.csv
37,arch_100_iters_2000_bs_32_mc_50_lr_0p001_prior_1p0_lik_0p2_qstd_0p05_sigmoid_seed_101,-213.8485565185547,2000,-213.8485565185547,147.92546844482422,0.13692983984947205,0.2178969532251358,32,50,True,2000,1.0,0.2,100,0.001,0.05,101,train_elbo,hvm/hparam_results/arch_100_iters_2000_bs_32_mc_50_lr_0p001_prior_1p0_lik_0p2_qstd_0p05_sigmoid_seed_101/history.csv
38,arch_100_iters_2000_bs_128_mc_50_lr_0p001_prior_1p0_lik_0p1_qstd_0p05_sigmoid_seed_101,-214.8143310546875,2000,-214.8143310546875,148.89124298095703,0.1344967633485794,0.17756618559360504,128,50,True,2000,1.0,0.1,100,0.001,0.05,101,train_elbo,hvm/hparam_results/arch_100_iters_2000_bs_128_mc_50_lr_0p001_prior_1p0_lik_0p1_qstd_0p05_sigmoid_seed_101/history.csv
39,arch_100_iters_2000_bs_64_mc_100_lr_0p001_prior_1p0_lik_0p1_qstd_0p05_sigmoid_seed_101,-214.82411193847656,2000,-214.82411193847656,148.9010238647461,0.1352095752954483,0.18122470378875732,64,100,True,2000,1.0,0.1,100,0.001,0.05,101,train_elbo,hvm/hparam_results/arch_100_iters_2000_bs_64_mc_100_lr_0p001_prior_1p0_lik_0p1_qstd_0p05_sigmoid_seed_101/history.csv
40,arch_100_iters_2000_bs_64_mc_50_lr_0p001_prior_1p0_lik_0p1_qstd_0p05_sigmoid_seed_101,-217.14483642578125,2000,-217.14483642578125,151.22174835205078,0.13467441499233246,0.18067970871925354,64,50,True,2000,1.0,0.1,100,0.001,0.05,101,train_elbo,hvm/hparam_results/arch_100_iters_2000_bs_64_mc_50_lr_0p001_prior_1p0_lik_0p1_qstd_0p05_sigmoid_seed_101/history.csv
41,arch_100_iters_2000_bs_32_mc_100_lr_0p001_prior_1p0_lik_0p1_qstd_0p05_sigmoid_seed_101,-217.18280029296875,2000,-217.18280029296875,151.25971221923828,0.13514751195907593,0.18112516403198242,32,100,True,2000,1.0,0.1,100,0.001,0.05,101,train_elbo,hvm/hparam_results/arch_100_iters_2000_bs_32_mc_100_lr_0p001_prior_1p0_lik_0p1_qstd_0p05_sigmoid_seed_101/history.csv
42,arch_100_iters_2000_bs_32_mc_50_lr_0p001_prior_1p0_lik_0p1_qstd_0p05_sigmoid_seed_101,-222.05636596679688,2000,-222.05636596679688,156.1332778930664,0.13566985726356506,0.17433638870716095,32,50,True,2000,1.0,0.1,100,0.001,0.05,101,train_elbo,hvm/hparam_results/arch_100_iters_2000_bs_32_mc_50_lr_0p001_prior_1p0_lik_0p1_qstd_0p05_sigmoid_seed_101/history.csv
43,arch_100_iters_2000_bs_128_mc_100_lr_0p001_prior_1p0_lik_0p05_qstd_0p05_sigmoid_seed_101,-225.03439331054688,2000,-225.03439331054688,159.1113052368164,0.1348496675491333,0.1564171016216278,128,100,True,2000,1.0,0.05,100,0.001,0.05,101,train_elbo,hvm/hparam_results/arch_100_iters_2000_bs_128_mc_100_lr_0p001_prior_1p0_lik_0p05_qstd_0p05_sigmoid_seed_101/history.csv
44,arch_100_iters_2000_bs_128_mc_50_lr_0p001_prior_1p0_lik_0p05_qstd_0p05_sigmoid_seed_101,-236.86817932128906,2000,-236.86817932128906,170.9450912475586,0.13489456474781036,0.15961386263370514,128,50,True,2000,1.0,0.05,100,0.001,0.05,101,train_elbo,hvm/hparam_results/arch_100_iters_2000_bs_128_mc_50_lr_0p001_prior_1p0_lik_0p05_qstd_0p05_sigmoid_seed_101/history.csv
45,arch_100_iters_2000_bs_64_mc_100_lr_0p001_prior_1p0_lik_0p05_qstd_0p05_sigmoid_seed_101,-237.4199981689453,2000,-237.4199981689453,171.49691009521484,0.1346694678068161,0.16125570237636566,64,100,True,2000,1.0,0.05,100,0.001,0.05,101,train_elbo,hvm/hparam_results/arch_100_iters_2000_bs_64_mc_100_lr_0p001_prior_1p0_lik_0p05_qstd_0p05_sigmoid_seed_101/history.csv
46,arch_100_iters_2000_bs_64_mc_50_lr_0p001_prior_1p0_lik_0p05_qstd_0p05_sigmoid_seed_101,-259.0657043457031,2000,-259.0657043457031,193.14261627197266,0.134587824344635,0.15921643376350403,64,50,True,2000,1.0,0.05,100,0.001,0.05,101,train_elbo,hvm/hparam_results/arch_100_iters_2000_bs_64_mc_50_lr_0p001_prior_1p0_lik_0p05_qstd_0p05_sigmoid_seed_101/history.csv
47,arch_100_iters_2000_bs_32_mc_100_lr_0p001_prior_1p0_lik_0p05_qstd_0p05_sigmoid_seed_101,-260.0135498046875,2000,-260.0135498046875,194.09046173095703,0.1344490945339203,0.1629713624715805,32,100,True,2000,1.0,0.05,100,0.001,0.05,101,train_elbo,hvm/hparam_results/arch_100_iters_2000_bs_32_mc_100_lr_0p001_prior_1p0_lik_0p05_qstd_0p05_sigmoid_seed_101/history.csv
48,arch_100_iters_2000_bs_32_mc_50_lr_0p001_prior_1p0_lik_0p05_qstd_0p05_sigmoid_seed_101,-294.99884033203125,2000,-294.99884033203125,229.07575225830078,0.13485756516456604,0.15418557822704315,32,50,True,2000,1.0,0.05,100,0.001,0.05,101,train_elbo,hvm/hparam_results/arch_100_iters_2000_bs_32_mc_50_lr_0p001_prior_1p0_lik_0p05_qstd_0p05_sigmoid_seed_101/history.csv
49,arch_100_iters_2000_bs_128_mc_100_lr_0p001_prior_3p0_lik_0p2_qstd_0p05_sigmoid_seed_101,-511.3304138183594,2000,-511.3304138183594,445.4073257446289,0.1346522718667984,0.1641543209552765,128,100,True,2000,3.0,0.2,100,0.001,0.05,101,train_elbo,hvm/hparam_results/arch_100_iters_2000_bs_128_mc_100_lr_0p001_prior_3p0_lik_0p2_qstd_0p05_sigmoid_seed_101/history.csv
50,arch_100_iters_2000_bs_64_mc_100_lr_0p001_prior_3p0_lik_0p2_qstd_0p05_sigmoid_seed_101,-511.42413330078125,2000,-511.42413330078125,445.5010452270508,0.13486550748348236,0.17166057229042053,64,100,True,2000,3.0,0.2,100,0.001,0.05,101,train_elbo,hvm/hparam_results/arch_100_iters_2000_bs_64_mc_100_lr_0p001_prior_3p0_lik_0p2_qstd_0p05_sigmoid_seed_101/history.csv
51,arch_100_iters_2000_bs_128_mc_50_lr_0p001_prior_3p0_lik_0p2_qstd_0p05_sigmoid_seed_101,-511.45135498046875,2000,-511.45135498046875,445.5282669067383,0.13477253913879395,0.16742266714572906,128,50,True,2000,3.0,0.2,100,0.001,0.05,101,train_elbo,hvm/hparam_results/arch_100_iters_2000_bs_128_mc_50_lr_0p001_prior_3p0_lik_0p2_qstd_0p05_sigmoid_seed_101/history.csv
52,arch_100_iters_2000_bs_32_mc_100_lr_0p001_prior_3p0_lik_0p2_qstd_0p05_sigmoid_seed_101,-511.6222839355469,2000,-511.6222839355469,445.6991958618164,0.1347966492176056,0.17337627708911896,32,100,True,2000,3.0,0.2,100,0.001,0.05,101,train_elbo,hvm/hparam_results/arch_100_iters_2000_bs_32_mc_100_lr_0p001_prior_3p0_lik_0p2_qstd_0p05_sigmoid_seed_101/history.csv
53,arch_100_iters_2000_bs_64_mc_50_lr_0p001_prior_3p0_lik_0p2_qstd_0p05_sigmoid_seed_101,-511.6357421875,2000,-511.6357421875,445.71265411376953,0.13486921787261963,0.16989925503730774,64,50,True,2000,3.0,0.2,100,0.001,0.05,101,train_elbo,hvm/hparam_results/arch_100_iters_2000_bs_64_mc_50_lr_0p001_prior_3p0_lik_0p2_qstd_0p05_sigmoid_seed_101/history.csv
54,arch_100_iters_2000_bs_128_mc_100_lr_0p001_prior_3p0_lik_0p1_qstd_0p05_sigmoid_seed_101,-511.7315979003906,2000,-511.7315979003906,445.80850982666016,0.13480329513549805,0.15552105009555817,128,100,True,2000,3.0,0.1,100,0.001,0.05,101,train_elbo,hvm/hparam_results/arch_100_iters_2000_bs_128_mc_100_lr_0p001_prior_3p0_lik_0p1_qstd_0p05_sigmoid_seed_101/history.csv
55,arch_100_iters_2000_bs_32_mc_50_lr_0p001_prior_3p0_lik_0p2_qstd_0p05_sigmoid_seed_101,-512.038330078125,2000,-512.038330078125,446.11524200439453,0.1348954737186432,0.17444631457328796,32,50,True,2000,3.0,0.2,100,0.001,0.05,101,train_elbo,hvm/hparam_results/arch_100_iters_2000_bs_32_mc_50_lr_0p001_prior_3p0_lik_0p2_qstd_0p05_sigmoid_seed_101/history.csv
56,arch_100_iters_2000_bs_128_mc_100_lr_0p001_prior_3p0_lik_0p5_qstd_0p05_sigmoid_seed_101,-512.0620727539062,2000,-512.0620727539062,446.1389846801758,0.13545048236846924,0.22442412376403809,128,100,True,2000,3.0,0.5,100,0.001,0.05,101,train_elbo,hvm/hparam_results/arch_100_iters_2000_bs_128_mc_100_lr_0p001_prior_3p0_lik_0p5_qstd_0p05_sigmoid_seed_101/history.csv
57,arch_100_iters_2000_bs_64_mc_100_lr_0p001_prior_3p0_lik_0p5_qstd_0p05_sigmoid_seed_101,-512.0702514648438,2000,-512.0702514648438,446.1471633911133,0.13589797914028168,0.21778354048728943,64,100,True,2000,3.0,0.5,100,0.001,0.05,101,train_elbo,hvm/hparam_results/arch_100_iters_2000_bs_64_mc_100_lr_0p001_prior_3p0_lik_0p5_qstd_0p05_sigmoid_seed_101/history.csv
58,arch_100_iters_2000_bs_32_mc_100_lr_0p001_prior_3p0_lik_0p5_qstd_0p05_sigmoid_seed_101,-512.08447265625,2000,-512.08447265625,446.16138458251953,0.1359097808599472,0.21226926147937775,32,100,True,2000,3.0,0.5,100,0.001,0.05,101,train_elbo,hvm/hparam_results/arch_100_iters_2000_bs_32_mc_100_lr_0p001_prior_3p0_lik_0p5_qstd_0p05_sigmoid_seed_101/history.csv
59,arch_100_iters_2000_bs_128_mc_50_lr_0p001_prior_3p0_lik_0p5_qstd_0p05_sigmoid_seed_101,-512.114501953125,2000,-512.114501953125,446.19141387939453,0.1343400478363037,0.21429096162319183,128,50,True,2000,3.0,0.5,100,0.001,0.05,101,train_elbo,hvm/hparam_results/arch_100_iters_2000_bs_128_mc_50_lr_0p001_prior_3p0_lik_0p5_qstd_0p05_sigmoid_seed_101/history.csv
60,arch_100_iters_2000_bs_64_mc_50_lr_0p001_prior_3p0_lik_0p5_qstd_0p05_sigmoid_seed_101,-512.1266479492188,2000,-512.1266479492188,446.2035598754883,0.135240837931633,0.20919561386108398,64,50,True,2000,3.0,0.5,100,0.001,0.05,101,train_elbo,hvm/hparam_results/arch_100_iters_2000_bs_64_mc_50_lr_0p001_prior_3p0_lik_0p5_qstd_0p05_sigmoid_seed_101/history.csv
61,arch_100_iters_2000_bs_32_mc_50_lr_0p001_prior_3p0_lik_0p5_qstd_0p05_sigmoid_seed_101,-512.1492309570312,2000,-512.1492309570312,446.2261428833008,0.13565059006214142,0.20406030118465424,32,50,True,2000,3.0,0.5,100,0.001,0.05,101,train_elbo,hvm/hparam_results/arch_100_iters_2000_bs_32_mc_50_lr_0p001_prior_3p0_lik_0p5_qstd_0p05_sigmoid_seed_101/history.csv
62,arch_100_iters_2000_bs_128_mc_50_lr_0p001_prior_3p0_lik_0p1_qstd_0p05_sigmoid_seed_101,-512.8484497070312,2000,-512.8484497070312,446.9253616333008,0.1347699761390686,0.1596311628818512,128,50,True,2000,3.0,0.1,100,0.001,0.05,101,train_elbo,hvm/hparam_results/arch_100_iters_2000_bs_128_mc_50_lr_0p001_prior_3p0_lik_0p1_qstd_0p05_sigmoid_seed_101/history.csv
63,arch_100_iters_2000_bs_64_mc_100_lr_0p001_prior_3p0_lik_0p1_qstd_0p05_sigmoid_seed_101,-512.8864135742188,2000,-512.8864135742188,446.9633255004883,0.1345466822385788,0.16280733048915863,64,100,True,2000,3.0,0.1,100,0.001,0.05,101,train_elbo,hvm/hparam_results/arch_100_iters_2000_bs_64_mc_100_lr_0p001_prior_3p0_lik_0p1_qstd_0p05_sigmoid_seed_101/history.csv
64,arch_100_iters_2000_bs_64_mc_50_lr_0p001_prior_3p0_lik_0p1_qstd_0p05_sigmoid_seed_101,-515.2869262695312,2000,-515.2869262695312,449.3638381958008,0.1344357132911682,0.16156291961669922,64,50,True,2000,3.0,0.1,100,0.001,0.05,101,train_elbo,hvm/hparam_results/arch_100_iters_2000_bs_64_mc_50_lr_0p001_prior_3p0_lik_0p1_qstd_0p05_sigmoid_seed_101/history.csv
65,arch_100_iters_2000_bs_32_mc_100_lr_0p001_prior_3p0_lik_0p1_qstd_0p05_sigmoid_seed_101,-515.4135131835938,2000,-515.4135131835938,449.4904251098633,0.13457854092121124,0.16790956258773804,32,100,True,2000,3.0,0.1,100,0.001,0.05,101,train_elbo,hvm/hparam_results/arch_100_iters_2000_bs_32_mc_100_lr_0p001_prior_3p0_lik_0p1_qstd_0p05_sigmoid_seed_101/history.csv
66,arch_100_iters_2000_bs_32_mc_50_lr_0p001_prior_3p0_lik_0p1_qstd_0p05_sigmoid_seed_101,-520.584228515625,2000,-520.584228515625,454.66114044189453,0.13488371670246124,0.16753411293029785,32,50,True,2000,3.0,0.1,100,0.001,0.05,101,train_elbo,hvm/hparam_results/arch_100_iters_2000_bs_32_mc_50_lr_0p001_prior_3p0_lik_0p1_qstd_0p05_sigmoid_seed_101/history.csv
67,arch_100_iters_2000_bs_128_mc_100_lr_0p001_prior_3p0_lik_0p05_qstd_0p05_sigmoid_seed_101,-523.70751953125,2000,-523.70751953125,457.78443145751953,0.13527703285217285,0.1519971340894699,128,100,True,2000,3.0,0.05,100,0.001,0.05,101,train_elbo,hvm/hparam_results/arch_100_iters_2000_bs_128_mc_100_lr_0p001_prior_3p0_lik_0p05_qstd_0p05_sigmoid_seed_101/history.csv
68,arch_100_iters_2000_bs_128_mc_50_lr_0p001_prior_3p0_lik_0p05_qstd_0p05_sigmoid_seed_101,-536.547119140625,2000,-536.547119140625,470.62403106689453,0.13472463190555573,0.15546473860740662,128,50,True,2000,3.0,0.05,100,0.001,0.05,101,train_elbo,hvm/hparam_results/arch_100_iters_2000_bs_128_mc_50_lr_0p001_prior_3p0_lik_0p05_qstd_0p05_sigmoid_seed_101/history.csv
69,arch_100_iters_2000_bs_64_mc_100_lr_0p001_prior_3p0_lik_0p05_qstd_0p05_sigmoid_seed_101,-537.2340698242188,2000,-537.2340698242188,471.3109817504883,0.13451425731182098,0.15668830275535583,64,100,True,2000,3.0,0.05,100,0.001,0.05,101,train_elbo,hvm/hparam_results/arch_100_iters_2000_bs_64_mc_100_lr_0p001_prior_3p0_lik_0p05_qstd_0p05_sigmoid_seed_101/history.csv
70,arch_100_iters_2000_bs_64_mc_50_lr_0p001_prior_3p0_lik_0p05_qstd_0p05_sigmoid_seed_101,-560.669189453125,2000,-560.669189453125,494.74610137939453,0.13472826778888702,0.15628282725811005,64,50,True,2000,3.0,0.05,100,0.001,0.05,101,train_elbo,hvm/hparam_results/arch_100_iters_2000_bs_64_mc_50_lr_0p001_prior_3p0_lik_0p05_qstd_0p05_sigmoid_seed_101/history.csv
71,arch_100_iters_2000_bs_32_mc_100_lr_0p001_prior_3p0_lik_0p05_qstd_0p05_sigmoid_seed_101,-561.9166870117188,2000,-561.9166870117188,495.9935989379883,0.13502752780914307,0.1592637151479721,32,100,True,2000,3.0,0.05,100,0.001,0.05,101,train_elbo,hvm/hparam_results/arch_100_iters_2000_bs_32_mc_100_lr_0p001_prior_3p0_lik_0p05_qstd_0p05_sigmoid_seed_101/history.csv
72,arch_100_iters_2000_bs_32_mc_50_lr_0p001_prior_3p0_lik_0p05_qstd_0p05_sigmoid_seed_101,-599.209716796875,2000,-599.209716796875,533.2866287231445,0.1352100521326065,0.1555250585079193,32,50,True,2000,3.0,0.05,100,0.001,0.05,101,train_elbo,hvm/hparam_results/arch_100_iters_2000_bs_32_mc_50_lr_0p001_prior_3p0_lik_0p05_qstd_0p05_sigmoid_seed_101/history.csv
73,arch_100_iters_2000_bs_128_mc_100_lr_0p001_prior_10p0_lik_0p2_qstd_0p05_sigmoid_seed_101,-855.2720947265625,2000,-855.2720947265625,789.349006652832,0.13503457605838776,0.15450777113437653,128,100,True,2000,10.0,0.2,100,0.001,0.05,101,train_elbo,hvm/hparam_results/arch_100_iters_2000_bs_128_mc_100_lr_0p001_prior_10p0_lik_0p2_qstd_0p05_sigmoid_seed_101/history.csv
74,arch_100_iters_2000_bs_64_mc_100_lr_0p001_prior_10p0_lik_0p2_qstd_0p05_sigmoid_seed_101,-855.3702392578125,2000,-855.3702392578125,789.447151184082,0.13483764231204987,0.1641114056110382,64,100,True,2000,10.0,0.2,100,0.001,0.05,101,train_elbo,hvm/hparam_results/arch_100_iters_2000_bs_64_mc_100_lr_0p001_prior_10p0_lik_0p2_qstd_0p05_sigmoid_seed_101/history.csv
75,arch_100_iters_2000_bs_128_mc_50_lr_0p001_prior_10p0_lik_0p2_qstd_0p05_sigmoid_seed_101,-855.3966064453125,2000,-855.3966064453125,789.473518371582,0.13448534905910492,0.15827225148677826,128,50,True,2000,10.0,0.2,100,0.001,0.05,101,train_elbo,hvm/hparam_results/arch_100_iters_2000_bs_128_mc_50_lr_0p001_prior_10p0_lik_0p2_qstd_0p05_sigmoid_seed_101/history.csv
76,arch_100_iters_2000_bs_32_mc_100_lr_0p001_prior_10p0_lik_0p2_qstd_0p05_sigmoid_seed_101,-855.5745849609375,2000,-855.5745849609375,789.651496887207,0.13482996821403503,0.16862750053405762,32,100,True,2000,10.0,0.2,100,0.001,0.05,101,train_elbo,hvm/hparam_results/arch_100_iters_2000_bs_32_mc_100_lr_0p001_prior_10p0_lik_0p2_qstd_0p05_sigmoid_seed_101/history.csv
77,arch_100_iters_2000_bs_64_mc_50_lr_0p001_prior_10p0_lik_0p2_qstd_0p05_sigmoid_seed_101,-855.5860595703125,2000,-855.5860595703125,789.662971496582,0.13495087623596191,0.1643059253692627,64,50,True,2000,10.0,0.2,100,0.001,0.05,101,train_elbo,hvm/hparam_results/arch_100_iters_2000_bs_64_mc_50_lr_0p001_prior_10p0_lik_0p2_qstd_0p05_sigmoid_seed_101/history.csv
78,arch_100_iters_2000_bs_128_mc_100_lr_0p001_prior_10p0_lik_0p1_qstd_0p05_sigmoid_seed_101,-855.6541137695312,2000,-855.6541137695312,789.7310256958008,0.13497087359428406,0.15196414291858673,128,100,True,2000,10.0,0.1,100,0.001,0.05,101,train_elbo,hvm/hparam_results/arch_100_iters_2000_bs_128_mc_100_lr_0p001_prior_10p0_lik_0p1_qstd_0p05_sigmoid_seed_101/history.csv
79,arch_100_iters_2000_bs_32_mc_50_lr_0p001_prior_10p0_lik_0p2_qstd_0p05_sigmoid_seed_101,-855.9932861328125,2000,-855.9932861328125,790.070198059082,0.13539277017116547,0.16732239723205566,32,50,True,2000,10.0,0.2,100,0.001,0.05,101,train_elbo,hvm/hparam_results/arch_100_iters_2000_bs_32_mc_50_lr_0p001_prior_10p0_lik_0p2_qstd_0p05_sigmoid_seed_101/history.csv
80,arch_100_iters_2000_bs_128_mc_100_lr_0p001_prior_10p0_lik_0p5_qstd_0p05_sigmoid_seed_101,-856.0471801757812,2000,-856.0471801757812,790.1240921020508,0.13555258512496948,0.1678163856267929,128,100,True,2000,10.0,0.5,100,0.001,0.05,101,train_elbo,hvm/hparam_results/arch_100_iters_2000_bs_128_mc_100_lr_0p001_prior_10p0_lik_0p5_qstd_0p05_sigmoid_seed_101/history.csv
81,arch_100_iters_2000_bs_64_mc_100_lr_0p001_prior_10p0_lik_0p5_qstd_0p05_sigmoid_seed_101,-856.0534057617188,2000,-856.0534057617188,790.1303176879883,0.13547201454639435,0.1742292046546936,64,100,True,2000,10.0,0.5,100,0.001,0.05,101,train_elbo,hvm/hparam_results/arch_100_iters_2000_bs_64_mc_100_lr_0p001_prior_10p0_lik_0p5_qstd_0p05_sigmoid_seed_101/history.csv
82,arch_100_iters_2000_bs_32_mc_100_lr_0p001_prior_10p0_lik_0p5_qstd_0p05_sigmoid_seed_101,-856.0673828125,2000,-856.0673828125,790.1442947387695,0.13541549444198608,0.17804758250713348,32,100,True,2000,10.0,0.5,100,0.001,0.05,101,train_elbo,hvm/hparam_results/arch_100_iters_2000_bs_32_mc_100_lr_0p001_prior_10p0_lik_0p5_qstd_0p05_sigmoid_seed_101/history.csv
83,arch_100_iters_2000_bs_128_mc_50_lr_0p001_prior_10p0_lik_0p5_qstd_0p05_sigmoid_seed_101,-856.098876953125,2000,-856.098876953125,790.1757888793945,0.1349838227033615,0.17046532034873962,128,50,True,2000,10.0,0.5,100,0.001,0.05,101,train_elbo,hvm/hparam_results/arch_100_iters_2000_bs_128_mc_50_lr_0p001_prior_10p0_lik_0p5_qstd_0p05_sigmoid_seed_101/history.csv
84,arch_100_iters_2000_bs_64_mc_50_lr_0p001_prior_10p0_lik_0p5_qstd_0p05_sigmoid_seed_101,-856.11083984375,2000,-856.11083984375,790.1877517700195,0.13456790149211884,0.1727086752653122,64,50,True,2000,10.0,0.5,100,0.001,0.05,101,train_elbo,hvm/hparam_results/arch_100_iters_2000_bs_64_mc_50_lr_0p001_prior_10p0_lik_0p5_qstd_0p05_sigmoid_seed_101/history.csv
85,arch_100_iters_2000_bs_32_mc_50_lr_0p001_prior_10p0_lik_0p5_qstd_0p05_sigmoid_seed_101,-856.13037109375,2000,-856.13037109375,790.2072830200195,0.13465481996536255,0.17628274857997894,32,50,True,2000,10.0,0.5,100,0.001,0.05,101,train_elbo,hvm/hparam_results/arch_100_iters_2000_bs_32_mc_50_lr_0p001_prior_10p0_lik_0p5_qstd_0p05_sigmoid_seed_101/history.csv
86,arch_100_iters_2000_bs_128_mc_50_lr_0p001_prior_10p0_lik_0p1_qstd_0p05_sigmoid_seed_101,-856.770751953125,2000,-856.770751953125,790.8476638793945,0.1346646100282669,0.15498118102550507,128,50,True,2000,10.0,0.1,100,0.001,0.05,101,train_elbo,hvm/hparam_results/arch_100_iters_2000_bs_128_mc_50_lr_0p001_prior_10p0_lik_0p1_qstd_0p05_sigmoid_seed_101/history.csv
87,arch_100_iters_2000_bs_64_mc_100_lr_0p001_prior_10p0_lik_0p1_qstd_0p05_sigmoid_seed_101,-856.83154296875,2000,-856.83154296875,790.9084548950195,0.1348421573638916,0.16073648631572723,64,100,True,2000,10.0,0.1,100,0.001,0.05,101,train_elbo,hvm/hparam_results/arch_100_iters_2000_bs_64_mc_100_lr_0p001_prior_10p0_lik_0p1_qstd_0p05_sigmoid_seed_101/history.csv
88,arch_100_iters_2000_bs_64_mc_50_lr_0p001_prior_10p0_lik_0p1_qstd_0p05_sigmoid_seed_101,-859.224365234375,2000,-859.224365234375,793.3012771606445,0.13481689989566803,0.16184315085411072,64,50,True,2000,10.0,0.1,100,0.001,0.05,101,train_elbo,hvm/hparam_results/arch_100_iters_2000_bs_64_mc_50_lr_0p001_prior_10p0_lik_0p1_qstd_0p05_sigmoid_seed_101/history.csv
89,arch_100_iters_2000_bs_32_mc_100_lr_0p001_prior_10p0_lik_0p1_qstd_0p05_sigmoid_seed_101,-859.3809204101562,2000,-859.3809204101562,793.4578323364258,0.1348700076341629,0.1675782948732376,32,100,True,2000,10.0,0.1,100,0.001,0.05,101,train_elbo,hvm/hparam_results/arch_100_iters_2000_bs_32_mc_100_lr_0p001_prior_10p0_lik_0p1_qstd_0p05_sigmoid_seed_101/history.csv
90,arch_100_iters_2000_bs_32_mc_50_lr_0p001_prior_10p0_lik_0p1_qstd_0p05_sigmoid_seed_101,-864.5659790039062,2000,-864.5659790039062,798.6428909301758,0.1353839933872223,0.1659690886735916,32,50,True,2000,10.0,0.1,100,0.001,0.05,101,train_elbo,hvm/hparam_results/arch_100_iters_2000_bs_32_mc_50_lr_0p001_prior_10p0_lik_0p1_qstd_0p05_sigmoid_seed_101/history.csv
91,arch_100_iters_2000_bs_128_mc_100_lr_0p001_prior_10p0_lik_0p05_qstd_0p05_sigmoid_seed_101,-867.7180786132812,2000,-867.7180786132812,801.7949905395508,0.13493837416172028,0.1522609442472458,128,100,True,2000,10.0,0.05,100,0.001,0.05,101,train_elbo,hvm/hparam_results/arch_100_iters_2000_bs_128_mc_100_lr_0p001_prior_10p0_lik_0p05_qstd_0p05_sigmoid_seed_101/history.csv
92,arch_100_iters_2000_bs_128_mc_50_lr_0p001_prior_10p0_lik_0p05_qstd_0p05_sigmoid_seed_101,-880.7005004882812,2000,-880.7005004882812,814.7774124145508,0.1350584477186203,0.15584827959537506,128,50,True,2000,10.0,0.05,100,0.001,0.05,101,train_elbo,hvm/hparam_results/arch_100_iters_2000_bs_128_mc_50_lr_0p001_prior_10p0_lik_0p05_qstd_0p05_sigmoid_seed_101/history.csv
93,arch_100_iters_2000_bs_64_mc_100_lr_0p001_prior_10p0_lik_0p05_qstd_0p05_sigmoid_seed_101,-881.4264526367188,2000,-881.4264526367188,815.5033645629883,0.13463684916496277,0.15649735927581787,64,100,True,2000,10.0,0.05,100,0.001,0.05,101,train_elbo,hvm/hparam_results/arch_100_iters_2000_bs_64_mc_100_lr_0p001_prior_10p0_lik_0p05_qstd_0p05_sigmoid_seed_101/history.csv
94,arch_100_iters_2000_bs_64_mc_50_lr_0p001_prior_10p0_lik_0p05_qstd_0p05_sigmoid_seed_101,-905.0404663085938,2000,-905.0404663085938,839.1173782348633,0.1345461755990982,0.15548595786094666,64,50,True,2000,10.0,0.05,100,0.001,0.05,101,train_elbo,hvm/hparam_results/arch_100_iters_2000_bs_64_mc_50_lr_0p001_prior_10p0_lik_0p05_qstd_0p05_sigmoid_seed_101/history.csv
95,arch_100_iters_2000_bs_32_mc_100_lr_0p001_prior_10p0_lik_0p05_qstd_0p05_sigmoid_seed_101,-906.3890991210938,2000,-906.3890991210938,840.4660110473633,0.13442561030387878,0.1612744778394699,32,100,True,2000,10.0,0.05,100,0.001,0.05,101,train_elbo,hvm/hparam_results/arch_100_iters_2000_bs_32_mc_100_lr_0p001_prior_10p0_lik_0p05_qstd_0p05_sigmoid_seed_101/history.csv
96,arch_100_iters_2000_bs_32_mc_50_lr_0p001_prior_10p0_lik_0p05_qstd_0p05_sigmoid_seed_101,-944.1393432617188,2000,-944.1393432617188,878.2162551879883,0.13509711623191833,0.1544603556394577,32,50,True,2000,10.0,0.05,100,0.001,0.05,101,train_elbo,hvm/hparam_results/arch_100_iters_2000_bs_32_mc_50_lr_0p001_prior_10p0_lik_0p05_qstd_0p05_sigmoid_seed_101/history.csv
97,arch_100_iters_2000_bs_128_mc_5_lr_0p001_prior_3p0_lik_0p1_qstd_0p05_sigmoid_seed_101,-17096.685546875,2000,-17096.685546875,17030.76245880127,0.1359381228685379,0.20634175837039948,128,5,True,2000,3.0,0.1,100,0.001,0.05,101,train_elbo,hvm/hparam_results/arch_100_iters_2000_bs_128_mc_5_lr_0p001_prior_3p0_lik_0p1_qstd_0p05_sigmoid_seed_101/history.csv
98,arch_100_iters_2000_bs_128_mc_20_lr_0p001_prior_3p0_lik_0p1_qstd_0p05_sigmoid_seed_101,-17097.46875,2000,-17097.46875,17031.54566192627,0.13526543974876404,0.22138150036334991,128,20,True,2000,3.0,0.1,100,0.001,0.05,101,train_elbo,hvm/hparam_results/arch_100_iters_2000_bs_128_mc_20_lr_0p001_prior_3p0_lik_0p1_qstd_0p05_sigmoid_seed_101/history.csv
99,arch_100_iters_2000_bs_128_mc_100_lr_0p001_prior_3p0_lik_0p1_qstd_0p05_linearout_seed_101,-17104.44921875,2000,-17104.44921875,17038.52613067627,0.1376815289258957,0.25899288058280945,128,100,False,2000,3.0,0.1,100,0.001,0.05,101,train_elbo,hvm/hparam_results/arch_100_iters_2000_bs_128_mc_100_lr_0p001_prior_3p0_lik_0p1_qstd_0p05_linearout_seed_101/history.csv
100,arch_100_iters_2000_bs_128_mc_50_lr_0p001_prior_3p0_lik_0p1_qstd_0p05_linearout_seed_101,-17112.951171875,2000,-17112.951171875,17047.02808380127,0.1385083645582199,0.23311375081539154,128,50,False,2000,3.0,0.1,100,0.001,0.05,101,train_elbo,hvm/hparam_results/arch_100_iters_2000_bs_128_mc_50_lr_0p001_prior_3p0_lik_0p1_qstd_0p05_linearout_seed_101/history.csv
101,arch_100_iters_2000_bs_128_mc_20_lr_0p001_prior_3p0_lik_0p1_qstd_0p05_linearout_seed_101,-17135.59765625,2000,-17135.59765625,17069.67456817627,0.13927501440048218,0.23302790522575378,128,20,False,2000,3.0,0.1,100,0.001,0.05,101,train_elbo,hvm/hparam_results/arch_100_iters_2000_bs_128_mc_20_lr_0p001_prior_3p0_lik_0p1_qstd_0p05_linearout_seed_101/history.csv
102,arch_100_iters_2000_bs_128_mc_5_lr_0p001_prior_3p0_lik_0p1_qstd_0p05_linearout_seed_101,-17271.802734375,2000,-17271.802734375,17205.87964630127,0.14189687371253967,0.21729347109794617,128,5,False,2000,3.0,0.1,100,0.001,0.05,101,train_elbo,hvm/hparam_results/arch_100_iters_2000_bs_128_mc_5_lr_0p001_prior_3p0_lik_0p1_qstd_0p05_linearout_seed_101/history.csv
103,arch_100_iters_2000_bs_64_mc_5_lr_0p001_prior_3p0_lik_0p1_qstd_0p05_sigmoid_seed_101,-34192.921875,2000,-34192.921875,34126.99878692627,0.14089451730251312,0.22583937644958496,64,5,True,2000,3.0,0.1,100,0.001,0.05,101,train_elbo,hvm/hparam_results/arch_100_iters_2000_bs_64_mc_5_lr_0p001_prior_3p0_lik_0p1_qstd_0p05_sigmoid_seed_101/history.csv
104,arch_100_iters_2000_bs_64_mc_20_lr_0p001_prior_3p0_lik_0p1_qstd_0p05_sigmoid_seed_101,-34195.02734375,2000,-34195.02734375,34129.10425567627,0.13964475691318512,0.24458308517932892,64,20,True,2000,3.0,0.1,100,0.001,0.05,101,train_elbo,hvm/hparam_results/arch_100_iters_2000_bs_64_mc_20_lr_0p001_prior_3p0_lik_0p1_qstd_0p05_sigmoid_seed_101/history.csv
105,arch_100_iters_2000_bs_64_mc_100_lr_0p001_prior_3p0_lik_0p1_qstd_0p05_linearout_seed_101,-34201.6015625,2000,-34201.6015625,34135.67847442627,0.1391591876745224,0.27756401896476746,64,100,False,2000,3.0,0.1,100,0.001,0.05,101,train_elbo,hvm/hparam_results/arch_100_iters_2000_bs_64_mc_100_lr_0p001_prior_3p0_lik_0p1_qstd_0p05_linearout_seed_101/history.csv
106,arch_100_iters_2000_bs_64_mc_50_lr_0p001_prior_3p0_lik_0p1_qstd_0p05_linearout_seed_101,-34211.859375,2000,-34211.859375,34145.93628692627,0.1418805867433548,0.24844864010810852,64,50,False,2000,3.0,0.1,100,0.001,0.05,101,train_elbo,hvm/hparam_results/arch_100_iters_2000_bs_64_mc_50_lr_0p001_prior_3p0_lik_0p1_qstd_0p05_linearout_seed_101/history.csv
107,arch_100_iters_2000_bs_64_mc_20_lr_0p001_prior_3p0_lik_0p1_qstd_0p05_linearout_seed_101,-34234.83984375,2000,-34234.83984375,34168.91675567627,0.14141274988651276,0.25007009506225586,64,20,False,2000,3.0,0.1,100,0.001,0.05,101,train_elbo,hvm/hparam_results/arch_100_iters_2000_bs_64_mc_20_lr_0p001_prior_3p0_lik_0p1_qstd_0p05_linearout_seed_101/history.csv
108,arch_100_iters_2000_bs_64_mc_5_lr_0p001_prior_3p0_lik_0p1_qstd_0p05_linearout_seed_101,-34376.87890625,2000,-34376.87890625,34310.95581817627,0.1450590193271637,0.223337784409523,64,5,False,2000,3.0,0.1,100,0.001,0.05,101,train_elbo,hvm/hparam_results/arch_100_iters_2000_bs_64_mc_5_lr_0p001_prior_3p0_lik_0p1_qstd_0p05_linearout_seed_101/history.csv
109,arch_100_iters_2000_bs_32_mc_5_lr_0p001_prior_3p0_lik_0p1_qstd_0p05_sigmoid_seed_101,-68384.4296875,2000,-68384.4296875,68318.50659942627,0.1499418020248413,0.2598698139190674,32,5,True,2000,3.0,0.1,100,0.001,0.05,101,train_elbo,hvm/hparam_results/arch_100_iters_2000_bs_32_mc_5_lr_0p001_prior_3p0_lik_0p1_qstd_0p05_sigmoid_seed_101/history.csv
110,arch_100_iters_2000_bs_32_mc_20_lr_0p001_prior_3p0_lik_0p1_qstd_0p05_sigmoid_seed_101,-68388.9765625,2000,-68388.9765625,68323.05347442627,0.15625610947608948,0.274204820394516,32,20,True,2000,3.0,0.1,100,0.001,0.05,101,train_elbo,hvm/hparam_results/arch_100_iters_2000_bs_32_mc_20_lr_0p001_prior_3p0_lik_0p1_qstd_0p05_sigmoid_seed_101/history.csv
111,arch_100_iters_2000_bs_32_mc_100_lr_0p001_prior_3p0_lik_0p1_qstd_0p05_linearout_seed_101,-68395.84375,2000,-68395.84375,68329.92066192627,0.1406637728214264,0.33432942628860474,32,100,False,2000,3.0,0.1,100,0.001,0.05,101,train_elbo,hvm/hparam_results/arch_100_iters_2000_bs_32_mc_100_lr_0p001_prior_3p0_lik_0p1_qstd_0p05_linearout_seed_101/history.csv
112,arch_100_iters_2000_bs_32_mc_50_lr_0p001_prior_3p0_lik_0p1_qstd_0p05_linearout_seed_101,-68409.953125,2000,-68409.953125,68344.03003692627,0.14240548014640808,0.2693096995353699,32,50,False,2000,3.0,0.1,100,0.001,0.05,101,train_elbo,hvm/hparam_results/arch_100_iters_2000_bs_32_mc_50_lr_0p001_prior_3p0_lik_0p1_qstd_0p05_linearout_seed_101/history.csv
113,arch_100_iters_2000_bs_32_mc_20_lr_0p001_prior_3p0_lik_0p1_qstd_0p05_linearout_seed_101,-68434.328125,2000,-68434.328125,68368.40503692627,0.1434374302625656,0.26878464221954346,32,20,False,2000,3.0,0.1,100,0.001,0.05,101,train_elbo,hvm/hparam_results/arch_100_iters_2000_bs_32_mc_20_lr_0p001_prior_3p0_lik_0p1_qstd_0p05_linearout_seed_101/history.csv
114,arch_100_iters_2000_bs_32_mc_5_lr_0p001_prior_3p0_lik_0p1_qstd_0p05_linearout_seed_101,-68587.015625,2000,-68587.015625,68521.09253692627,0.14672400057315826,0.24342918395996094,32,5,False,2000,3.0,0.1,100,0.001,0.05,101,train_elbo,hvm/hparam_results/arch_100_iters_2000_bs_32_mc_5_lr_0p001_prior_3p0_lik_0p1_qstd_0p05_linearout_seed_101/history.csv
115,arch_100_iters_2000_bs_16_mc_100_lr_0p001_prior_3p0_lik_0p1_qstd_0p05_sigmoid_seed_101,-136761.03125,2000,-136761.03125,136695.10816192627,0.17711657285690308,0.30466312170028687,16,100,True,2000,3.0,0.1,100,0.001,0.05,101,train_elbo,hvm/hparam_results/arch_100_iters_2000_bs_16_mc_100_lr_0p001_prior_3p0_lik_0p1_qstd_0p05_sigmoid_seed_101/history.csv
116,arch_100_iters_2000_bs_16_mc_5_lr_0p001_prior_3p0_lik_0p1_qstd_0p05_sigmoid_seed_101,-136761.40625,2000,-136761.40625,136695.48316192627,0.16021503508090973,0.2796899974346161,16,5,True,2000,3.0,0.1,100,0.001,0.05,101,train_elbo,hvm/hparam_results/arch_100_iters_2000_bs_16_mc_5_lr_0p001_prior_3p0_lik_0p1_qstd_0p05_sigmoid_seed_101/history.csv
117,arch_100_iters_2000_bs_16_mc_20_lr_0p001_prior_3p0_lik_0p1_qstd_0p05_sigmoid_seed_101,-136772.015625,2000,-136772.015625,136706.09253692627,0.17109881341457367,0.2968241572380066,16,20,True,2000,3.0,0.1,100,0.001,0.05,101,train_elbo,hvm/hparam_results/arch_100_iters_2000_bs_16_mc_20_lr_0p001_prior_3p0_lik_0p1_qstd_0p05_sigmoid_seed_101/history.csv
118,arch_100_iters_2000_bs_16_mc_50_lr_0p001_prior_3p0_lik_0p1_qstd_0p05_sigmoid_seed_101,-136774.90625,2000,-136774.90625,136708.98316192627,0.1733778864145279,0.3026401698589325,16,50,True,2000,3.0,0.1,100,0.001,0.05,101,train_elbo,hvm/hparam_results/arch_100_iters_2000_bs_16_mc_50_lr_0p001_prior_3p0_lik_0p1_qstd_0p05_sigmoid_seed_101/history.csv
119,arch_100_iters_2000_bs_16_mc_100_lr_0p001_prior_3p0_lik_0p1_qstd_0p05_linearout_seed_101,-136782.84375,2000,-136782.84375,136716.92066192627,0.1447153091430664,0.3450268507003784,16,100,False,2000,3.0,0.1,100,0.001,0.05,101,train_elbo,hvm/hparam_results/arch_100_iters_2000_bs_16_mc_100_lr_0p001_prior_3p0_lik_0p1_qstd_0p05_linearout_seed_101/history.csv
120,arch_100_iters_2000_bs_16_mc_50_lr_0p001_prior_3p0_lik_0p1_qstd_0p05_linearout_seed_101,-136804.84375,2000,-136804.84375,136738.92066192627,0.14618055522441864,0.29825559258461,16,50,False,2000,3.0,0.1,100,0.001,0.05,101,train_elbo,hvm/hparam_results/arch_100_iters_2000_bs_16_mc_50_lr_0p001_prior_3p0_lik_0p1_qstd_0p05_linearout_seed_101/history.csv
121,arch_100_iters_2000_bs_16_mc_20_lr_0p001_prior_3p0_lik_0p1_qstd_0p05_linearout_seed_101,-136832.234375,2000,-136832.234375,136766.31128692627,0.14941081404685974,0.25855883955955505,16,20,False,2000,3.0,0.1,100,0.001,0.05,101,train_elbo,hvm/hparam_results/arch_100_iters_2000_bs_16_mc_20_lr_0p001_prior_3p0_lik_0p1_qstd_0p05_linearout_seed_101/history.csv
122,arch_100_iters_2000_bs_16_mc_5_lr_0p001_prior_3p0_lik_0p1_qstd_0p05_linearout_seed_101,-137002.890625,2000,-137002.890625,136936.96753692627,0.15070030093193054,0.2829033136367798,16,5,False,2000,3.0,0.1,100,0.001,0.05,101,train_elbo,hvm/hparam_results/arch_100_iters_2000_bs_16_mc_5_lr_0p001_prior_3p0_lik_0p1_qstd_0p05_linearout_seed_101/history.csv
