rank_test_rmse,run_dir,test_rmse,valid_rmse,delta_test_rmse_vs_best,delta_valid_rmse_vs_best_valid,batch_size,n_mc_samples,use_sigmoid_output,n_iters,prior_stddev,likelihood_stddev,hidden_sizes,step_size,init_q_stddev,seed,results_json
1,arch_100_iters_2000_bs_64_mc_50_lr_0p001_prior_0p5_lik_0p05_qstd_0p05_sigmoid_seed_101,0.13420285284519196,0.16306522488594055,0.0,0.01110108196735382,64,50,True,2000,0.5,0.05,100,0.001,0.05,101,hvm/hparam_results/arch_100_iters_2000_bs_64_mc_50_lr_0p001_prior_0p5_lik_0p05_qstd_0p05_sigmoid_seed_101/results.json
2,arch_100_iters_2000_bs_128_mc_50_lr_0p001_prior_3p0_lik_0p5_qstd_0p05_sigmoid_seed_101,0.1343400478363037,0.21429096162319183,0.00013719499111175537,0.0623268187046051,128,50,True,2000,3.0,0.5,100,0.001,0.05,101,hvm/hparam_results/arch_100_iters_2000_bs_128_mc_50_lr_0p001_prior_3p0_lik_0p5_qstd_0p05_sigmoid_seed_101/results.json
3,arch_100_iters_2000_bs_32_mc_100_lr_0p001_prior_10p0_lik_0p05_qstd_0p05_sigmoid_seed_101,0.13442561030387878,0.1612744778394699,0.0002227574586868286,0.009310334920883179,32,100,True,2000,10.0,0.05,100,0.001,0.05,101,hvm/hparam_results/arch_100_iters_2000_bs_32_mc_100_lr_0p001_prior_10p0_lik_0p05_qstd_0p05_sigmoid_seed_101/results.json
4,arch_100_iters_2000_bs_64_mc_50_lr_0p001_prior_3p0_lik_0p1_qstd_0p05_sigmoid_seed_101,0.1344357132911682,0.16156291961669922,0.00023286044597625732,0.009598776698112488,64,50,True,2000,3.0,0.1,100,0.001,0.05,101,hvm/hparam_results/arch_100_iters_2000_bs_64_mc_50_lr_0p001_prior_3p0_lik_0p1_qstd_0p05_sigmoid_seed_101/results.json
5,arch_100_iters_2000_bs_32_mc_100_lr_0p001_prior_1p0_lik_0p05_qstd_0p05_sigmoid_seed_101,0.1344490945339203,0.1629713624715805,0.0002462416887283325,0.011007219552993774,32,100,True,2000,1.0,0.05,100,0.001,0.05,101,hvm/hparam_results/arch_100_iters_2000_bs_32_mc_100_lr_0p001_prior_1p0_lik_0p05_qstd_0p05_sigmoid_seed_101/results.json
6,arch_100_iters_2000_bs_32_mc_50_lr_0p001_prior_0p5_lik_0p05_qstd_0p05_sigmoid_seed_101,0.13447205722332,0.1591092348098755,0.00026920437812805176,0.007145091891288757,32,50,True,2000,0.5,0.05,100,0.001,0.05,101,hvm/hparam_results/arch_100_iters_2000_bs_32_mc_50_lr_0p001_prior_0p5_lik_0p05_qstd_0p05_sigmoid_seed_101/results.json
7,arch_100_iters_2000_bs_128_mc_50_lr_0p001_prior_10p0_lik_0p2_qstd_0p05_sigmoid_seed_101,0.13448534905910492,0.15827225148677826,0.00028249621391296387,0.006308108568191528,128,50,True,2000,10.0,0.2,100,0.001,0.05,101,hvm/hparam_results/arch_100_iters_2000_bs_128_mc_50_lr_0p001_prior_10p0_lik_0p2_qstd_0p05_sigmoid_seed_101/results.json
8,arch_100_iters_2000_bs_128_mc_50_lr_0p001_prior_1p0_lik_0p1_qstd_0p05_sigmoid_seed_101,0.1344967633485794,0.17756618559360504,0.00029391050338745117,0.02560204267501831,128,50,True,2000,1.0,0.1,100,0.001,0.05,101,hvm/hparam_results/arch_100_iters_2000_bs_128_mc_50_lr_0p001_prior_1p0_lik_0p1_qstd_0p05_sigmoid_seed_101/results.json
9,arch_100_iters_2000_bs_64_mc_100_lr_0p001_prior_3p0_lik_0p05_qstd_0p05_sigmoid_seed_101,0.13451425731182098,0.15668830275535583,0.0003114044666290283,0.004724159836769104,64,100,True,2000,3.0,0.05,100,0.001,0.05,101,hvm/hparam_results/arch_100_iters_2000_bs_64_mc_100_lr_0p001_prior_3p0_lik_0p05_qstd_0p05_sigmoid_seed_101/results.json
10,arch_100_iters_2000_bs_64_mc_50_lr_0p001_prior_10p0_lik_0p05_qstd_0p05_sigmoid_seed_101,0.1345461755990982,0.15548595786094666,0.00034332275390625,0.0035218149423599243,64,50,True,2000,10.0,0.05,100,0.001,0.05,101,hvm/hparam_results/arch_100_iters_2000_bs_64_mc_50_lr_0p001_prior_10p0_lik_0p05_qstd_0p05_sigmoid_seed_101/results.json
11,arch_100_iters_2000_bs_64_mc_100_lr_0p001_prior_3p0_lik_0p1_qstd_0p05_sigmoid_seed_101,0.1345466822385788,0.16280733048915863,0.0003438293933868408,0.0108431875705719,64,100,True,2000,3.0,0.1,100,0.001,0.05,101,hvm/hparam_results/arch_100_iters_2000_bs_64_mc_100_lr_0p001_prior_3p0_lik_0p1_qstd_0p05_sigmoid_seed_101/results.json
12,arch_100_iters_2000_bs_64_mc_50_lr_0p001_prior_10p0_lik_0p5_qstd_0p05_sigmoid_seed_101,0.13456790149211884,0.1727086752653122,0.0003650486469268799,0.020744532346725464,64,50,True,2000,10.0,0.5,100,0.001,0.05,101,hvm/hparam_results/arch_100_iters_2000_bs_64_mc_50_lr_0p001_prior_10p0_lik_0p5_qstd_0p05_sigmoid_seed_101/results.json
13,arch_100_iters_2000_bs_32_mc_100_lr_0p001_prior_3p0_lik_0p1_qstd_0p05_sigmoid_seed_101,0.13457854092121124,0.16790956258773804,0.0003756880760192871,0.015945419669151306,32,100,True,2000,3.0,0.1,100,0.001,0.05,101,hvm/hparam_results/arch_100_iters_2000_bs_32_mc_100_lr_0p001_prior_3p0_lik_0p1_qstd_0p05_sigmoid_seed_101/results.json
14,arch_100_iters_2000_bs_128_mc_50_lr_0p001_prior_0p5_lik_0p05_qstd_0p05_sigmoid_seed_101,0.13458222150802612,0.1667424738407135,0.0003793686628341675,0.01477833092212677,128,50,True,2000,0.5,0.05,100,0.001,0.05,101,hvm/hparam_results/arch_100_iters_2000_bs_128_mc_50_lr_0p001_prior_0p5_lik_0p05_qstd_0p05_sigmoid_seed_101/results.json
15,arch_100_iters_2000_bs_64_mc_50_lr_0p001_prior_1p0_lik_0p05_qstd_0p05_sigmoid_seed_101,0.134587824344635,0.15921643376350403,0.0003849714994430542,0.007252290844917297,64,50,True,2000,1.0,0.05,100,0.001,0.05,101,hvm/hparam_results/arch_100_iters_2000_bs_64_mc_50_lr_0p001_prior_1p0_lik_0p05_qstd_0p05_sigmoid_seed_101/results.json
16,arch_100_iters_2000_bs_64_mc_100_lr_0p001_prior_10p0_lik_0p05_qstd_0p05_sigmoid_seed_101,0.13463684916496277,0.15649735927581787,0.000433996319770813,0.00453321635723114,64,100,True,2000,10.0,0.05,100,0.001,0.05,101,hvm/hparam_results/arch_100_iters_2000_bs_64_mc_100_lr_0p001_prior_10p0_lik_0p05_qstd_0p05_sigmoid_seed_101/results.json
17,arch_100_iters_2000_bs_128_mc_100_lr_0p001_prior_3p0_lik_0p2_qstd_0p05_sigmoid_seed_101,0.1346522718667984,0.1641543209552765,0.0004494190216064453,0.012190178036689758,128,100,True,2000,3.0,0.2,100,0.001,0.05,101,hvm/hparam_results/arch_100_iters_2000_bs_128_mc_100_lr_0p001_prior_3p0_lik_0p2_qstd_0p05_sigmoid_seed_101/results.json
18,arch_100_iters_2000_bs_32_mc_50_lr_0p001_prior_10p0_lik_0p5_qstd_0p05_sigmoid_seed_101,0.13465481996536255,0.17628274857997894,0.00045196712017059326,0.024318605661392212,32,50,True,2000,10.0,0.5,100,0.001,0.05,101,hvm/hparam_results/arch_100_iters_2000_bs_32_mc_50_lr_0p001_prior_10p0_lik_0p5_qstd_0p05_sigmoid_seed_101/results.json
19,arch_100_iters_2000_bs_128_mc_50_lr_0p001_prior_10p0_lik_0p1_qstd_0p05_sigmoid_seed_101,0.1346646100282669,0.15498118102550507,0.00046175718307495117,0.003017038106918335,128,50,True,2000,10.0,0.1,100,0.001,0.05,101,hvm/hparam_results/arch_100_iters_2000_bs_128_mc_50_lr_0p001_prior_10p0_lik_0p1_qstd_0p05_sigmoid_seed_101/results.json
20,arch_100_iters_2000_bs_64_mc_100_lr_0p001_prior_1p0_lik_0p05_qstd_0p05_sigmoid_seed_101,0.1346694678068161,0.16125570237636566,0.0004666149616241455,0.00929155945777893,64,100,True,2000,1.0,0.05,100,0.001,0.05,101,hvm/hparam_results/arch_100_iters_2000_bs_64_mc_100_lr_0p001_prior_1p0_lik_0p05_qstd_0p05_sigmoid_seed_101/results.json
21,arch_100_iters_2000_bs_64_mc_50_lr_0p001_prior_1p0_lik_0p1_qstd_0p05_sigmoid_seed_101,0.13467441499233246,0.18067970871925354,0.00047156214714050293,0.02871556580066681,64,50,True,2000,1.0,0.1,100,0.001,0.05,101,hvm/hparam_results/arch_100_iters_2000_bs_64_mc_50_lr_0p001_prior_1p0_lik_0p1_qstd_0p05_sigmoid_seed_101/results.json
22,arch_100_iters_2000_bs_128_mc_100_lr_0p001_prior_1p0_lik_0p1_qstd_0p05_sigmoid_seed_101,0.1347174346446991,0.17419949173927307,0.0005145817995071411,0.02223534882068634,128,100,True,2000,1.0,0.1,100,0.001,0.05,101,hvm/hparam_results/arch_100_iters_2000_bs_128_mc_100_lr_0p001_prior_1p0_lik_0p1_qstd_0p05_sigmoid_seed_101/results.json
23,arch_100_iters_2000_bs_128_mc_50_lr_0p001_prior_3p0_lik_0p05_qstd_0p05_sigmoid_seed_101,0.13472463190555573,0.15546473860740662,0.0005217790603637695,0.0035005956888198853,128,50,True,2000,3.0,0.05,100,0.001,0.05,101,hvm/hparam_results/arch_100_iters_2000_bs_128_mc_50_lr_0p001_prior_3p0_lik_0p05_qstd_0p05_sigmoid_seed_101/results.json
24,arch_100_iters_2000_bs_64_mc_50_lr_0p001_prior_3p0_lik_0p05_qstd_0p05_sigmoid_seed_101,0.13472826778888702,0.15628282725811005,0.0005254149436950684,0.004318684339523315,64,50,True,2000,3.0,0.05,100,0.001,0.05,101,hvm/hparam_results/arch_100_iters_2000_bs_64_mc_50_lr_0p001_prior_3p0_lik_0p05_qstd_0p05_sigmoid_seed_101/results.json
25,arch_100_iters_2000_bs_32_mc_100_lr_0p001_prior_0p5_lik_0p05_qstd_0p05_sigmoid_seed_101,0.13473179936408997,0.16924183070659637,0.0005289465188980103,0.017277687788009644,32,100,True,2000,0.5,0.05,100,0.001,0.05,101,hvm/hparam_results/arch_100_iters_2000_bs_32_mc_100_lr_0p001_prior_0p5_lik_0p05_qstd_0p05_sigmoid_seed_101/results.json
26,arch_100_iters_2000_bs_128_mc_50_lr_0p001_prior_3p0_lik_0p1_qstd_0p05_sigmoid_seed_101,0.1347699761390686,0.1596311628818512,0.000567123293876648,0.007667019963264465,128,50,True,2000,3.0,0.1,100,0.001,0.05,101,hvm/hparam_results/arch_100_iters_2000_bs_128_mc_50_lr_0p001_prior_3p0_lik_0p1_qstd_0p05_sigmoid_seed_101/results.json
27,arch_100_iters_2000_bs_128_mc_50_lr_0p001_prior_3p0_lik_0p2_qstd_0p05_sigmoid_seed_101,0.13477253913879395,0.16742266714572906,0.0005696862936019897,0.015458524227142334,128,50,True,2000,3.0,0.2,100,0.001,0.05,101,hvm/hparam_results/arch_100_iters_2000_bs_128_mc_50_lr_0p001_prior_3p0_lik_0p2_qstd_0p05_sigmoid_seed_101/results.json
28,arch_100_iters_2000_bs_32_mc_100_lr_0p001_prior_3p0_lik_0p2_qstd_0p05_sigmoid_seed_101,0.1347966492176056,0.17337627708911896,0.0005937963724136353,0.021412134170532227,32,100,True,2000,3.0,0.2,100,0.001,0.05,101,hvm/hparam_results/arch_100_iters_2000_bs_32_mc_100_lr_0p001_prior_3p0_lik_0p2_qstd_0p05_sigmoid_seed_101/results.json
29,arch_100_iters_2000_bs_128_mc_100_lr_0p001_prior_3p0_lik_0p1_qstd_0p05_sigmoid_seed_101,0.13480329513549805,0.15552105009555817,0.0006004422903060913,0.0035569071769714355,128,100,True,2000,3.0,0.1,100,0.001,0.05,101,hvm/hparam_results/arch_100_iters_2000_bs_128_mc_100_lr_0p001_prior_3p0_lik_0p1_qstd_0p05_sigmoid_seed_101/results.json
30,arch_100_iters_2000_bs_64_mc_50_lr_0p001_prior_10p0_lik_0p1_qstd_0p05_sigmoid_seed_101,0.13481689989566803,0.16184315085411072,0.0006140470504760742,0.009879007935523987,64,50,True,2000,10.0,0.1,100,0.001,0.05,101,hvm/hparam_results/arch_100_iters_2000_bs_64_mc_50_lr_0p001_prior_10p0_lik_0p1_qstd_0p05_sigmoid_seed_101/results.json
31,arch_100_iters_2000_bs_32_mc_100_lr_0p001_prior_10p0_lik_0p2_qstd_0p05_sigmoid_seed_101,0.13482996821403503,0.16862750053405762,0.0006271153688430786,0.016663357615470886,32,100,True,2000,10.0,0.2,100,0.001,0.05,101,hvm/hparam_results/arch_100_iters_2000_bs_32_mc_100_lr_0p001_prior_10p0_lik_0p2_qstd_0p05_sigmoid_seed_101/results.json
32,arch_100_iters_2000_bs_64_mc_100_lr_0p001_prior_10p0_lik_0p2_qstd_0p05_sigmoid_seed_101,0.13483764231204987,0.1641114056110382,0.0006347894668579102,0.012147262692451477,64,100,True,2000,10.0,0.2,100,0.001,0.05,101,hvm/hparam_results/arch_100_iters_2000_bs_64_mc_100_lr_0p001_prior_10p0_lik_0p2_qstd_0p05_sigmoid_seed_101/results.json
33,arch_100_iters_2000_bs_64_mc_100_lr_0p001_prior_10p0_lik_0p1_qstd_0p05_sigmoid_seed_101,0.1348421573638916,0.16073648631572723,0.000639304518699646,0.008772343397140503,64,100,True,2000,10.0,0.1,100,0.001,0.05,101,hvm/hparam_results/arch_100_iters_2000_bs_64_mc_100_lr_0p001_prior_10p0_lik_0p1_qstd_0p05_sigmoid_seed_101/results.json
34,arch_100_iters_2000_bs_128_mc_100_lr_0p001_prior_1p0_lik_0p05_qstd_0p05_sigmoid_seed_101,0.1348496675491333,0.1564171016216278,0.0006468147039413452,0.004452958703041077,128,100,True,2000,1.0,0.05,100,0.001,0.05,101,hvm/hparam_results/arch_100_iters_2000_bs_128_mc_100_lr_0p001_prior_1p0_lik_0p05_qstd_0p05_sigmoid_seed_101/results.json
35,arch_100_iters_2000_bs_32_mc_50_lr_0p001_prior_1p0_lik_0p05_qstd_0p05_sigmoid_seed_101,0.13485756516456604,0.15418557822704315,0.0006547123193740845,0.002221435308456421,32,50,True,2000,1.0,0.05,100,0.001,0.05,101,hvm/hparam_results/arch_100_iters_2000_bs_32_mc_50_lr_0p001_prior_1p0_lik_0p05_qstd_0p05_sigmoid_seed_101/results.json
36,arch_100_iters_2000_bs_64_mc_100_lr_0p001_prior_3p0_lik_0p2_qstd_0p05_sigmoid_seed_101,0.13486550748348236,0.17166057229042053,0.0006626546382904053,0.0196964293718338,64,100,True,2000,3.0,0.2,100,0.001,0.05,101,hvm/hparam_results/arch_100_iters_2000_bs_64_mc_100_lr_0p001_prior_3p0_lik_0p2_qstd_0p05_sigmoid_seed_101/results.json
37,arch_100_iters_2000_bs_64_mc_50_lr_0p001_prior_3p0_lik_0p2_qstd_0p05_sigmoid_seed_101,0.13486921787261963,0.16989925503730774,0.0006663650274276733,0.01793511211872101,64,50,True,2000,3.0,0.2,100,0.001,0.05,101,hvm/hparam_results/arch_100_iters_2000_bs_64_mc_50_lr_0p001_prior_3p0_lik_0p2_qstd_0p05_sigmoid_seed_101/results.json
38,arch_100_iters_2000_bs_32_mc_100_lr_0p001_prior_10p0_lik_0p1_qstd_0p05_sigmoid_seed_101,0.1348700076341629,0.1675782948732376,0.0006671547889709473,0.015614151954650879,32,100,True,2000,10.0,0.1,100,0.001,0.05,101,hvm/hparam_results/arch_100_iters_2000_bs_32_mc_100_lr_0p001_prior_10p0_lik_0p1_qstd_0p05_sigmoid_seed_101/results.json
39,arch_100_iters_2000_bs_32_mc_50_lr_0p001_prior_3p0_lik_0p1_qstd_0p05_sigmoid_seed_101,0.13488371670246124,0.16753411293029785,0.0006808638572692871,0.01556997001171112,32,50,True,2000,3.0,0.1,100,0.001,0.05,101,hvm/hparam_results/arch_100_iters_2000_bs_32_mc_50_lr_0p001_prior_3p0_lik_0p1_qstd_0p05_sigmoid_seed_101/results.json
40,arch_100_iters_2000_bs_128_mc_50_lr_0p001_prior_1p0_lik_0p05_qstd_0p05_sigmoid_seed_101,0.13489456474781036,0.15961386263370514,0.0006917119026184082,0.007649719715118408,128,50,True,2000,1.0,0.05,100,0.001,0.05,101,hvm/hparam_results/arch_100_iters_2000_bs_128_mc_50_lr_0p001_prior_1p0_lik_0p05_qstd_0p05_sigmoid_seed_101/results.json
41,arch_100_iters_2000_bs_128_mc_100_lr_0p001_prior_0p5_lik_0p05_qstd_0p05_sigmoid_seed_101,0.13489468395709991,0.16920553147792816,0.000691831111907959,0.01724138855934143,128,100,True,2000,0.5,0.05,100,0.001,0.05,101,hvm/hparam_results/arch_100_iters_2000_bs_128_mc_100_lr_0p001_prior_0p5_lik_0p05_qstd_0p05_sigmoid_seed_101/results.json
42,arch_100_iters_2000_bs_32_mc_50_lr_0p001_prior_3p0_lik_0p2_qstd_0p05_sigmoid_seed_101,0.1348954737186432,0.17444631457328796,0.0006926208734512329,0.022482171654701233,32,50,True,2000,3.0,0.2,100,0.001,0.05,101,hvm/hparam_results/arch_100_iters_2000_bs_32_mc_50_lr_0p001_prior_3p0_lik_0p2_qstd_0p05_sigmoid_seed_101/results.json
43,arch_100_iters_2000_bs_128_mc_100_lr_0p001_prior_10p0_lik_0p05_qstd_0p05_sigmoid_seed_101,0.13493837416172028,0.1522609442472458,0.0007355213165283203,0.0002968013286590576,128,100,True,2000,10.0,0.05,100,0.001,0.05,101,hvm/hparam_results/arch_100_iters_2000_bs_128_mc_100_lr_0p001_prior_10p0_lik_0p05_qstd_0p05_sigmoid_seed_101/results.json
44,arch_100_iters_2000_bs_64_mc_50_lr_0p001_prior_10p0_lik_0p2_qstd_0p05_sigmoid_seed_101,0.13495087623596191,0.1643059253692627,0.0007480233907699585,0.012341782450675964,64,50,True,2000,10.0,0.2,100,0.001,0.05,101,hvm/hparam_results/arch_100_iters_2000_bs_64_mc_50_lr_0p001_prior_10p0_lik_0p2_qstd_0p05_sigmoid_seed_101/results.json
45,arch_100_iters_2000_bs_128_mc_100_lr_0p001_prior_10p0_lik_0p1_qstd_0p05_sigmoid_seed_101,0.13497087359428406,0.15196414291858673,0.000768020749092102,0.0,128,100,True,2000,10.0,0.1,100,0.001,0.05,101,hvm/hparam_results/arch_100_iters_2000_bs_128_mc_100_lr_0p001_prior_10p0_lik_0p1_qstd_0p05_sigmoid_seed_101/results.json
46,arch_100_iters_2000_bs_128_mc_50_lr_0p001_prior_10p0_lik_0p5_qstd_0p05_sigmoid_seed_101,0.1349838227033615,0.17046532034873962,0.0007809698581695557,0.018501177430152893,128,50,True,2000,10.0,0.5,100,0.001,0.05,101,hvm/hparam_results/arch_100_iters_2000_bs_128_mc_50_lr_0p001_prior_10p0_lik_0p5_qstd_0p05_sigmoid_seed_101/results.json
47,arch_100_iters_2000_bs_32_mc_100_lr_0p001_prior_3p0_lik_0p05_qstd_0p05_sigmoid_seed_101,0.13502752780914307,0.1592637151479721,0.0008246749639511108,0.007299572229385376,32,100,True,2000,3.0,0.05,100,0.001,0.05,101,hvm/hparam_results/arch_100_iters_2000_bs_32_mc_100_lr_0p001_prior_3p0_lik_0p05_qstd_0p05_sigmoid_seed_101/results.json
48,arch_100_iters_2000_bs_128_mc_100_lr_0p001_prior_10p0_lik_0p2_qstd_0p05_sigmoid_seed_101,0.13503457605838776,0.15450777113437653,0.0008317232131958008,0.002543628215789795,128,100,True,2000,10.0,0.2,100,0.001,0.05,101,hvm/hparam_results/arch_100_iters_2000_bs_128_mc_100_lr_0p001_prior_10p0_lik_0p2_qstd_0p05_sigmoid_seed_101/results.json
49,arch_100_iters_2000_bs_128_mc_50_lr_0p001_prior_10p0_lik_0p05_qstd_0p05_sigmoid_seed_101,0.1350584477186203,0.15584827959537506,0.0008555948734283447,0.00388413667678833,128,50,True,2000,10.0,0.05,100,0.001,0.05,101,hvm/hparam_results/arch_100_iters_2000_bs_128_mc_50_lr_0p001_prior_10p0_lik_0p05_qstd_0p05_sigmoid_seed_101/results.json
50,arch_100_iters_2000_bs_64_mc_100_lr_0p001_prior_0p5_lik_0p05_qstd_0p05_sigmoid_seed_101,0.13508489727973938,0.1683189868927002,0.0008820444345474243,0.016354843974113464,64,100,True,2000,0.5,0.05,100,0.001,0.05,101,hvm/hparam_results/arch_100_iters_2000_bs_64_mc_100_lr_0p001_prior_0p5_lik_0p05_qstd_0p05_sigmoid_seed_101/results.json
51,arch_100_iters_2000_bs_32_mc_50_lr_0p001_prior_10p0_lik_0p05_qstd_0p05_sigmoid_seed_101,0.13509711623191833,0.1544603556394577,0.0008942633867263794,0.0024962127208709717,32,50,True,2000,10.0,0.05,100,0.001,0.05,101,hvm/hparam_results/arch_100_iters_2000_bs_32_mc_50_lr_0p001_prior_10p0_lik_0p05_qstd_0p05_sigmoid_seed_101/results.json
52,arch_100_iters_2000_bs_32_mc_100_lr_0p001_prior_1p0_lik_0p1_qstd_0p05_sigmoid_seed_101,0.13514751195907593,0.18112516403198242,0.0009446591138839722,0.02916102111339569,32,100,True,2000,1.0,0.1,100,0.001,0.05,101,hvm/hparam_results/arch_100_iters_2000_bs_32_mc_100_lr_0p001_prior_1p0_lik_0p1_qstd_0p05_sigmoid_seed_101/results.json
53,arch_100_iters_2000_bs_64_mc_100_lr_0p001_prior_1p0_lik_0p1_qstd_0p05_sigmoid_seed_101,0.1352095752954483,0.18122470378875732,0.0010067224502563477,0.029260560870170593,64,100,True,2000,1.0,0.1,100,0.001,0.05,101,hvm/hparam_results/arch_100_iters_2000_bs_64_mc_100_lr_0p001_prior_1p0_lik_0p1_qstd_0p05_sigmoid_seed_101/results.json
54,arch_100_iters_2000_bs_32_mc_50_lr_0p001_prior_3p0_lik_0p05_qstd_0p05_sigmoid_seed_101,0.1352100521326065,0.1555250585079193,0.0010071992874145508,0.0035609155893325806,32,50,True,2000,3.0,0.05,100,0.001,0.05,101,hvm/hparam_results/arch_100_iters_2000_bs_32_mc_50_lr_0p001_prior_3p0_lik_0p05_qstd_0p05_sigmoid_seed_101/results.json
55,arch_100_iters_2000_bs_64_mc_50_lr_0p001_prior_3p0_lik_0p5_qstd_0p05_sigmoid_seed_101,0.135240837931633,0.20919561386108398,0.00103798508644104,0.05723147094249725,64,50,True,2000,3.0,0.5,100,0.001,0.05,101,hvm/hparam_results/arch_100_iters_2000_bs_64_mc_50_lr_0p001_prior_3p0_lik_0p5_qstd_0p05_sigmoid_seed_101/results.json
56,arch_100_iters_2000_bs_128_mc_20_lr_0p001_prior_3p0_lik_0p1_qstd_0p05_sigmoid_seed_101,0.13526543974876404,0.22138150036334991,0.0010625869035720825,0.06941735744476318,128,20,True,2000,3.0,0.1,100,0.001,0.05,101,hvm/hparam_results/arch_100_iters_2000_bs_128_mc_20_lr_0p001_prior_3p0_lik_0p1_qstd_0p05_sigmoid_seed_101/results.json
57,arch_100_iters_2000_bs_128_mc_100_lr_0p001_prior_3p0_lik_0p05_qstd_0p05_sigmoid_seed_101,0.13527703285217285,0.1519971340894699,0.001074180006980896,3.299117088317871e-05,128,100,True,2000,3.0,0.05,100,0.001,0.05,101,hvm/hparam_results/arch_100_iters_2000_bs_128_mc_100_lr_0p001_prior_3p0_lik_0p05_qstd_0p05_sigmoid_seed_101/results.json
58,arch_100_iters_2000_bs_128_mc_50_lr_0p001_prior_0p5_lik_0p1_qstd_0p05_sigmoid_seed_101,0.13530945777893066,0.22930318117141724,0.0011066049337387085,0.0773390382528305,128,50,True,2000,0.5,0.1,100,0.001,0.05,101,hvm/hparam_results/arch_100_iters_2000_bs_128_mc_50_lr_0p001_prior_0p5_lik_0p1_qstd_0p05_sigmoid_seed_101/results.json
59,arch_100_iters_2000_bs_32_mc_50_lr_0p001_prior_10p0_lik_0p1_qstd_0p05_sigmoid_seed_101,0.1353839933872223,0.1659690886735916,0.0011811405420303345,0.014004945755004883,32,50,True,2000,10.0,0.1,100,0.001,0.05,101,hvm/hparam_results/arch_100_iters_2000_bs_32_mc_50_lr_0p001_prior_10p0_lik_0p1_qstd_0p05_sigmoid_seed_101/results.json
60,arch_100_iters_2000_bs_32_mc_50_lr_0p001_prior_10p0_lik_0p2_qstd_0p05_sigmoid_seed_101,0.13539277017116547,0.16732239723205566,0.0011899173259735107,0.015358254313468933,32,50,True,2000,10.0,0.2,100,0.001,0.05,101,hvm/hparam_results/arch_100_iters_2000_bs_32_mc_50_lr_0p001_prior_10p0_lik_0p2_qstd_0p05_sigmoid_seed_101/results.json
61,arch_100_iters_2000_bs_128_mc_50_lr_0p001_prior_1p0_lik_0p2_qstd_0p05_sigmoid_seed_101,0.13539466261863708,0.23142468929290771,0.0011918097734451294,0.07946054637432098,128,50,True,2000,1.0,0.2,100,0.001,0.05,101,hvm/hparam_results/arch_100_iters_2000_bs_128_mc_50_lr_0p001_prior_1p0_lik_0p2_qstd_0p05_sigmoid_seed_101/results.json
62,arch_100_iters_2000_bs_32_mc_100_lr_0p001_prior_10p0_lik_0p5_qstd_0p05_sigmoid_seed_101,0.13541549444198608,0.17804758250713348,0.0012126415967941284,0.026083439588546753,32,100,True,2000,10.0,0.5,100,0.001,0.05,101,hvm/hparam_results/arch_100_iters_2000_bs_32_mc_100_lr_0p001_prior_10p0_lik_0p5_qstd_0p05_sigmoid_seed_101/results.json
63,arch_100_iters_2000_bs_128_mc_100_lr_0p001_prior_3p0_lik_0p5_qstd_0p05_sigmoid_seed_101,0.13545048236846924,0.22442412376403809,0.0012476295232772827,0.07245998084545135,128,100,True,2000,3.0,0.5,100,0.001,0.05,101,hvm/hparam_results/arch_100_iters_2000_bs_128_mc_100_lr_0p001_prior_3p0_lik_0p5_qstd_0p05_sigmoid_seed_101/results.json
64,arch_100_iters_2000_bs_64_mc_100_lr_0p001_prior_10p0_lik_0p5_qstd_0p05_sigmoid_seed_101,0.13547201454639435,0.1742292046546936,0.0012691617012023926,0.022265061736106873,64,100,True,2000,10.0,0.5,100,0.001,0.05,101,hvm/hparam_results/arch_100_iters_2000_bs_64_mc_100_lr_0p001_prior_10p0_lik_0p5_qstd_0p05_sigmoid_seed_101/results.json
65,arch_100_iters_2000_bs_128_mc_100_lr_0p001_prior_10p0_lik_0p5_qstd_0p05_sigmoid_seed_101,0.13555258512496948,0.1678163856267929,0.0013497322797775269,0.015852242708206177,128,100,True,2000,10.0,0.5,100,0.001,0.05,101,hvm/hparam_results/arch_100_iters_2000_bs_128_mc_100_lr_0p001_prior_10p0_lik_0p5_qstd_0p05_sigmoid_seed_101/results.json
66,arch_100_iters_2000_bs_32_mc_50_lr_0p001_prior_3p0_lik_0p5_qstd_0p05_sigmoid_seed_101,0.13565059006214142,0.20406030118465424,0.0014477372169494629,0.052096158266067505,32,50,True,2000,3.0,0.5,100,0.001,0.05,101,hvm/hparam_results/arch_100_iters_2000_bs_32_mc_50_lr_0p001_prior_3p0_lik_0p5_qstd_0p05_sigmoid_seed_101/results.json
67,arch_100_iters_2000_bs_128_mc_100_lr_0p001_prior_0p5_lik_0p1_qstd_0p05_sigmoid_seed_101,0.13565188646316528,0.24003112316131592,0.0014490336179733276,0.08806698024272919,128,100,True,2000,0.5,0.1,100,0.001,0.05,101,hvm/hparam_results/arch_100_iters_2000_bs_128_mc_100_lr_0p001_prior_0p5_lik_0p1_qstd_0p05_sigmoid_seed_101/results.json
68,arch_100_iters_2000_bs_32_mc_50_lr_0p001_prior_1p0_lik_0p1_qstd_0p05_sigmoid_seed_101,0.13566985726356506,0.17433638870716095,0.001467004418373108,0.02237224578857422,32,50,True,2000,1.0,0.1,100,0.001,0.05,101,hvm/hparam_results/arch_100_iters_2000_bs_32_mc_50_lr_0p001_prior_1p0_lik_0p1_qstd_0p05_sigmoid_seed_101/results.json
69,arch_100_iters_2000_bs_128_mc_100_lr_0p001_prior_1p0_lik_0p2_qstd_0p05_sigmoid_seed_101,0.13575337827205658,0.24396443367004395,0.001550525426864624,0.09200029075145721,128,100,True,2000,1.0,0.2,100,0.001,0.05,101,hvm/hparam_results/arch_100_iters_2000_bs_128_mc_100_lr_0p001_prior_1p0_lik_0p2_qstd_0p05_sigmoid_seed_101/results.json
70,arch_100_iters_2000_bs_64_mc_100_lr_0p001_prior_3p0_lik_0p5_qstd_0p05_sigmoid_seed_101,0.13589797914028168,0.21778354048728943,0.0016951262950897217,0.0658193975687027,64,100,True,2000,3.0,0.5,100,0.001,0.05,101,hvm/hparam_results/arch_100_iters_2000_bs_64_mc_100_lr_0p001_prior_3p0_lik_0p5_qstd_0p05_sigmoid_seed_101/results.json
71,arch_100_iters_2000_bs_32_mc_100_lr_0p001_prior_3p0_lik_0p5_qstd_0p05_sigmoid_seed_101,0.1359097808599472,0.21226926147937775,0.001706928014755249,0.060305118560791016,32,100,True,2000,3.0,0.5,100,0.001,0.05,101,hvm/hparam_results/arch_100_iters_2000_bs_32_mc_100_lr_0p001_prior_3p0_lik_0p5_qstd_0p05_sigmoid_seed_101/results.json
72,arch_100_iters_2000_bs_128_mc_5_lr_0p001_prior_3p0_lik_0p1_qstd_0p05_sigmoid_seed_101,0.1359381228685379,0.20634175837039948,0.0017352700233459473,0.054377615451812744,128,5,True,2000,3.0,0.1,100,0.001,0.05,101,hvm/hparam_results/arch_100_iters_2000_bs_128_mc_5_lr_0p001_prior_3p0_lik_0p1_qstd_0p05_sigmoid_seed_101/results.json
73,arch_100_iters_2000_bs_64_mc_50_lr_0p001_prior_0p5_lik_0p1_qstd_0p05_sigmoid_seed_101,0.13626399636268616,0.22072279453277588,0.0020611435174942017,0.06875865161418915,64,50,True,2000,0.5,0.1,100,0.001,0.05,101,hvm/hparam_results/arch_100_iters_2000_bs_64_mc_50_lr_0p001_prior_0p5_lik_0p1_qstd_0p05_sigmoid_seed_101/results.json
74,arch_100_iters_2000_bs_64_mc_50_lr_0p001_prior_1p0_lik_0p2_qstd_0p05_sigmoid_seed_101,0.13633215427398682,0.22571058571338654,0.002129301428794861,0.0737464427947998,64,50,True,2000,1.0,0.2,100,0.001,0.05,101,hvm/hparam_results/arch_100_iters_2000_bs_64_mc_50_lr_0p001_prior_1p0_lik_0p2_qstd_0p05_sigmoid_seed_101/results.json
75,arch_100_iters_2000_bs_64_mc_100_lr_0p001_prior_0p5_lik_0p1_qstd_0p05_sigmoid_seed_101,0.13664168119430542,0.22662097215652466,0.0024388283491134644,0.07465682923793793,64,100,True,2000,0.5,0.1,100,0.001,0.05,101,hvm/hparam_results/arch_100_iters_2000_bs_64_mc_100_lr_0p001_prior_0p5_lik_0p1_qstd_0p05_sigmoid_seed_101/results.json
76,arch_100_iters_2000_bs_64_mc_100_lr_0p001_prior_1p0_lik_0p2_qstd_0p05_sigmoid_seed_101,0.13687549531459808,0.2330569624900818,0.002672642469406128,0.08109281957149506,64,100,True,2000,1.0,0.2,100,0.001,0.05,101,hvm/hparam_results/arch_100_iters_2000_bs_64_mc_100_lr_0p001_prior_1p0_lik_0p2_qstd_0p05_sigmoid_seed_101/results.json
77,arch_100_iters_2000_bs_32_mc_50_lr_0p001_prior_1p0_lik_0p2_qstd_0p05_sigmoid_seed_101,0.13692983984947205,0.2178969532251358,0.0027269870042800903,0.06593281030654907,32,50,True,2000,1.0,0.2,100,0.001,0.05,101,hvm/hparam_results/arch_100_iters_2000_bs_32_mc_50_lr_0p001_prior_1p0_lik_0p2_qstd_0p05_sigmoid_seed_101/results.json
78,arch_100_iters_2000_bs_32_mc_100_lr_0p001_prior_0p5_lik_0p1_qstd_0p05_sigmoid_seed_101,0.13700523972511292,0.22165769338607788,0.0028023868799209595,0.06969355046749115,32,100,True,2000,0.5,0.1,100,0.001,0.05,101,hvm/hparam_results/arch_100_iters_2000_bs_32_mc_100_lr_0p001_prior_0p5_lik_0p1_qstd_0p05_sigmoid_seed_101/results.json
79,arch_100_iters_2000_bs_32_mc_50_lr_0p001_prior_0p5_lik_0p1_qstd_0p05_sigmoid_seed_101,0.13703252375125885,0.20844249427318573,0.0028296709060668945,0.056478351354599,32,50,True,2000,0.5,0.1,100,0.001,0.05,101,hvm/hparam_results/arch_100_iters_2000_bs_32_mc_50_lr_0p001_prior_0p5_lik_0p1_qstd_0p05_sigmoid_seed_101/results.json
80,arch_100_iters_2000_bs_32_mc_100_lr_0p001_prior_1p0_lik_0p2_qstd_0p05_sigmoid_seed_101,0.1370329111814499,0.22758594155311584,0.0028300583362579346,0.07562179863452911,32,100,True,2000,1.0,0.2,100,0.001,0.05,101,hvm/hparam_results/arch_100_iters_2000_bs_32_mc_100_lr_0p001_prior_1p0_lik_0p2_qstd_0p05_sigmoid_seed_101/results.json
81,arch_100_iters_2000_bs_128_mc_100_lr_0p001_prior_3p0_lik_0p1_qstd_0p05_linearout_seed_101,0.1376815289258957,0.25899288058280945,0.0034786760807037354,0.10702873766422272,128,100,False,2000,3.0,0.1,100,0.001,0.05,101,hvm/hparam_results/arch_100_iters_2000_bs_128_mc_100_lr_0p001_prior_3p0_lik_0p1_qstd_0p05_linearout_seed_101/results.json
82,arch_100_iters_2000_bs_128_mc_50_lr_0p001_prior_3p0_lik_0p1_qstd_0p05_linearout_seed_101,0.1385083645582199,0.23311375081539154,0.004305511713027954,0.08114960789680481,128,50,False,2000,3.0,0.1,100,0.001,0.05,101,hvm/hparam_results/arch_100_iters_2000_bs_128_mc_50_lr_0p001_prior_3p0_lik_0p1_qstd_0p05_linearout_seed_101/results.json
83,arch_100_iters_2000_bs_64_mc_100_lr_0p001_prior_3p0_lik_0p1_qstd_0p05_linearout_seed_101,0.1391591876745224,0.27756401896476746,0.004956334829330444,0.12559987604618073,64,100,False,2000,3.0,0.1,100,0.001,0.05,101,hvm/hparam_results/arch_100_iters_2000_bs_64_mc_100_lr_0p001_prior_3p0_lik_0p1_qstd_0p05_linearout_seed_101/results.json
84,arch_100_iters_2000_bs_128_mc_20_lr_0p001_prior_3p0_lik_0p1_qstd_0p05_linearout_seed_101,0.13927501440048218,0.23302790522575378,0.005072161555290222,0.08106376230716705,128,20,False,2000,3.0,0.1,100,0.001,0.05,101,hvm/hparam_results/arch_100_iters_2000_bs_128_mc_20_lr_0p001_prior_3p0_lik_0p1_qstd_0p05_linearout_seed_101/results.json
85,arch_100_iters_2000_bs_64_mc_20_lr_0p001_prior_3p0_lik_0p1_qstd_0p05_sigmoid_seed_101,0.13964475691318512,0.24458308517932892,0.005441904067993164,0.09261894226074219,64,20,True,2000,3.0,0.1,100,0.001,0.05,101,hvm/hparam_results/arch_100_iters_2000_bs_64_mc_20_lr_0p001_prior_3p0_lik_0p1_qstd_0p05_sigmoid_seed_101/results.json
86,arch_100_iters_2000_bs_128_mc_50_lr_0p001_prior_0p5_lik_0p2_qstd_0p05_sigmoid_seed_101,0.14015492796897888,0.27711349725723267,0.005952075123786926,0.12514935433864594,128,50,True,2000,0.5,0.2,100,0.001,0.05,101,hvm/hparam_results/arch_100_iters_2000_bs_128_mc_50_lr_0p001_prior_0p5_lik_0p2_qstd_0p05_sigmoid_seed_101/results.json
87,arch_100_iters_2000_bs_128_mc_100_lr_0p001_prior_0p5_lik_0p2_qstd_0p05_sigmoid_seed_101,0.14028842747211456,0.28036823868751526,0.006085574626922607,0.12840409576892853,128,100,True,2000,0.5,0.2,100,0.001,0.05,101,hvm/hparam_results/arch_100_iters_2000_bs_128_mc_100_lr_0p001_prior_0p5_lik_0p2_qstd_0p05_sigmoid_seed_101/results.json
88,arch_100_iters_2000_bs_32_mc_100_lr_0p001_prior_3p0_lik_0p1_qstd_0p05_linearout_seed_101,0.1406637728214264,0.33432942628860474,0.006460919976234436,0.182365283370018,32,100,False,2000,3.0,0.1,100,0.001,0.05,101,hvm/hparam_results/arch_100_iters_2000_bs_32_mc_100_lr_0p001_prior_3p0_lik_0p1_qstd_0p05_linearout_seed_101/results.json
89,arch_100_iters_2000_bs_64_mc_5_lr_0p001_prior_3p0_lik_0p1_qstd_0p05_sigmoid_seed_101,0.14089451730251312,0.22583937644958496,0.006691664457321167,0.07387523353099823,64,5,True,2000,3.0,0.1,100,0.001,0.05,101,hvm/hparam_results/arch_100_iters_2000_bs_64_mc_5_lr_0p001_prior_3p0_lik_0p1_qstd_0p05_sigmoid_seed_101/results.json
90,arch_100_iters_2000_bs_128_mc_50_lr_0p001_prior_1p0_lik_0p5_qstd_0p05_sigmoid_seed_101,0.14132899045944214,0.2894057631492615,0.007126137614250183,0.13744162023067474,128,50,True,2000,1.0,0.5,100,0.001,0.05,101,hvm/hparam_results/arch_100_iters_2000_bs_128_mc_50_lr_0p001_prior_1p0_lik_0p5_qstd_0p05_sigmoid_seed_101/results.json
91,arch_100_iters_2000_bs_64_mc_20_lr_0p001_prior_3p0_lik_0p1_qstd_0p05_linearout_seed_101,0.14141274988651276,0.25007009506225586,0.007209897041320801,0.09810595214366913,64,20,False,2000,3.0,0.1,100,0.001,0.05,101,hvm/hparam_results/arch_100_iters_2000_bs_64_mc_20_lr_0p001_prior_3p0_lik_0p1_qstd_0p05_linearout_seed_101/results.json
92,arch_100_iters_2000_bs_128_mc_100_lr_0p001_prior_1p0_lik_0p5_qstd_0p05_sigmoid_seed_101,0.14149987697601318,0.2935238778591156,0.007297024130821228,0.14155973494052887,128,100,True,2000,1.0,0.5,100,0.001,0.05,101,hvm/hparam_results/arch_100_iters_2000_bs_128_mc_100_lr_0p001_prior_1p0_lik_0p5_qstd_0p05_sigmoid_seed_101/results.json
93,arch_100_iters_2000_bs_64_mc_50_lr_0p001_prior_0p5_lik_0p2_qstd_0p05_sigmoid_seed_101,0.1418488472700119,0.26960253715515137,0.007645994424819946,0.11763839423656464,64,50,True,2000,0.5,0.2,100,0.001,0.05,101,hvm/hparam_results/arch_100_iters_2000_bs_64_mc_50_lr_0p001_prior_0p5_lik_0p2_qstd_0p05_sigmoid_seed_101/results.json
94,arch_100_iters_2000_bs_64_mc_50_lr_0p001_prior_3p0_lik_0p1_qstd_0p05_linearout_seed_101,0.1418805867433548,0.24844864010810852,0.007677733898162842,0.09648449718952179,64,50,False,2000,3.0,0.1,100,0.001,0.05,101,hvm/hparam_results/arch_100_iters_2000_bs_64_mc_50_lr_0p001_prior_3p0_lik_0p1_qstd_0p05_linearout_seed_101/results.json
95,arch_100_iters_2000_bs_128_mc_5_lr_0p001_prior_3p0_lik_0p1_qstd_0p05_linearout_seed_101,0.14189687371253967,0.21729347109794617,0.007694020867347717,0.06532932817935944,128,5,False,2000,3.0,0.1,100,0.001,0.05,101,hvm/hparam_results/arch_100_iters_2000_bs_128_mc_5_lr_0p001_prior_3p0_lik_0p1_qstd_0p05_linearout_seed_101/results.json
96,arch_100_iters_2000_bs_64_mc_100_lr_0p001_prior_0p5_lik_0p2_qstd_0p05_sigmoid_seed_101,0.14198987185955048,0.27621713280677795,0.0077870190143585205,0.12425298988819122,64,100,True,2000,0.5,0.2,100,0.001,0.05,101,hvm/hparam_results/arch_100_iters_2000_bs_64_mc_100_lr_0p001_prior_0p5_lik_0p2_qstd_0p05_sigmoid_seed_101/results.json
97,arch_100_iters_2000_bs_64_mc_50_lr_0p001_prior_1p0_lik_0p5_qstd_0p05_sigmoid_seed_101,0.14215101301670074,0.283464640378952,0.007948160171508789,0.1315004974603653,64,50,True,2000,1.0,0.5,100,0.001,0.05,101,hvm/hparam_results/arch_100_iters_2000_bs_64_mc_50_lr_0p001_prior_1p0_lik_0p5_qstd_0p05_sigmoid_seed_101/results.json
98,arch_100_iters_2000_bs_32_mc_50_lr_0p001_prior_0p5_lik_0p2_qstd_0p05_sigmoid_seed_101,0.1423185020685196,0.26284363865852356,0.008115649223327637,0.11087949573993683,32,50,True,2000,0.5,0.2,100,0.001,0.05,101,hvm/hparam_results/arch_100_iters_2000_bs_32_mc_50_lr_0p001_prior_0p5_lik_0p2_qstd_0p05_sigmoid_seed_101/results.json
99,arch_100_iters_2000_bs_32_mc_50_lr_0p001_prior_3p0_lik_0p1_qstd_0p05_linearout_seed_101,0.14240548014640808,0.2693096995353699,0.008202627301216125,0.11734555661678314,32,50,False,2000,3.0,0.1,100,0.001,0.05,101,hvm/hparam_results/arch_100_iters_2000_bs_32_mc_50_lr_0p001_prior_3p0_lik_0p1_qstd_0p05_linearout_seed_101/results.json
100,arch_100_iters_2000_bs_32_mc_50_lr_0p001_prior_1p0_lik_0p5_qstd_0p05_sigmoid_seed_101,0.1427062451839447,0.27729532122612,0.008503392338752747,0.12533117830753326,32,50,True,2000,1.0,0.5,100,0.001,0.05,101,hvm/hparam_results/arch_100_iters_2000_bs_32_mc_50_lr_0p001_prior_1p0_lik_0p5_qstd_0p05_sigmoid_seed_101/results.json
101,arch_100_iters_2000_bs_64_mc_100_lr_0p001_prior_1p0_lik_0p5_qstd_0p05_sigmoid_seed_101,0.14284373819828033,0.2895403802394867,0.008640885353088379,0.13757623732089996,64,100,True,2000,1.0,0.5,100,0.001,0.05,101,hvm/hparam_results/arch_100_iters_2000_bs_64_mc_100_lr_0p001_prior_1p0_lik_0p5_qstd_0p05_sigmoid_seed_101/results.json
102,arch_100_iters_2000_bs_32_mc_100_lr_0p001_prior_0p5_lik_0p2_qstd_0p05_sigmoid_seed_101,0.1429159939289093,0.26874813437461853,0.008713141083717346,0.1167839914560318,32,100,True,2000,0.5,0.2,100,0.001,0.05,101,hvm/hparam_results/arch_100_iters_2000_bs_32_mc_100_lr_0p001_prior_0p5_lik_0p2_qstd_0p05_sigmoid_seed_101/results.json
103,arch_100_iters_2000_bs_32_mc_20_lr_0p001_prior_3p0_lik_0p1_qstd_0p05_linearout_seed_101,0.1434374302625656,0.26878464221954346,0.009234577417373657,0.11682049930095673,32,20,False,2000,3.0,0.1,100,0.001,0.05,101,hvm/hparam_results/arch_100_iters_2000_bs_32_mc_20_lr_0p001_prior_3p0_lik_0p1_qstd_0p05_linearout_seed_101/results.json
104,arch_100_iters_2000_bs_32_mc_100_lr_0p001_prior_1p0_lik_0p5_qstd_0p05_sigmoid_seed_101,0.14396966993808746,0.28356316685676575,0.009766817092895508,0.13159902393817902,32,100,True,2000,1.0,0.5,100,0.001,0.05,101,hvm/hparam_results/arch_100_iters_2000_bs_32_mc_100_lr_0p001_prior_1p0_lik_0p5_qstd_0p05_sigmoid_seed_101/results.json
105,arch_100_iters_2000_bs_16_mc_100_lr_0p001_prior_3p0_lik_0p1_qstd_0p05_linearout_seed_101,0.1447153091430664,0.3450268507003784,0.01051245629787445,0.1930627077817917,16,100,False,2000,3.0,0.1,100,0.001,0.05,101,hvm/hparam_results/arch_100_iters_2000_bs_16_mc_100_lr_0p001_prior_3p0_lik_0p1_qstd_0p05_linearout_seed_101/results.json
106,arch_100_iters_2000_bs_64_mc_5_lr_0p001_prior_3p0_lik_0p1_qstd_0p05_linearout_seed_101,0.1450590193271637,0.223337784409523,0.01085616648197174,0.07137364149093628,64,5,False,2000,3.0,0.1,100,0.001,0.05,101,hvm/hparam_results/arch_100_iters_2000_bs_64_mc_5_lr_0p001_prior_3p0_lik_0p1_qstd_0p05_linearout_seed_101/results.json
107,arch_100_iters_2000_bs_128_mc_100_lr_0p001_prior_0p5_lik_0p5_qstd_0p05_sigmoid_seed_101,0.14555160701274872,0.3035780191421509,0.011348754167556763,0.15161387622356415,128,100,True,2000,0.5,0.5,100,0.001,0.05,101,hvm/hparam_results/arch_100_iters_2000_bs_128_mc_100_lr_0p001_prior_0p5_lik_0p5_qstd_0p05_sigmoid_seed_101/results.json
108,arch_100_iters_2000_bs_128_mc_50_lr_0p001_prior_0p5_lik_0p5_qstd_0p05_sigmoid_seed_101,0.14555513858795166,0.30108383297920227,0.011352285742759705,0.14911969006061554,128,50,True,2000,0.5,0.5,100,0.001,0.05,101,hvm/hparam_results/arch_100_iters_2000_bs_128_mc_50_lr_0p001_prior_0p5_lik_0p5_qstd_0p05_sigmoid_seed_101/results.json
109,arch_100_iters_2000_bs_16_mc_50_lr_0p001_prior_3p0_lik_0p1_qstd_0p05_linearout_seed_101,0.14618055522441864,0.29825559258461,0.011977702379226685,0.14629144966602325,16,50,False,2000,3.0,0.1,100,0.001,0.05,101,hvm/hparam_results/arch_100_iters_2000_bs_16_mc_50_lr_0p001_prior_3p0_lik_0p1_qstd_0p05_linearout_seed_101/results.json
110,arch_100_iters_2000_bs_32_mc_5_lr_0p001_prior_3p0_lik_0p1_qstd_0p05_linearout_seed_101,0.14672400057315826,0.24342918395996094,0.012521147727966309,0.0914650410413742,32,5,False,2000,3.0,0.1,100,0.001,0.05,101,hvm/hparam_results/arch_100_iters_2000_bs_32_mc_5_lr_0p001_prior_3p0_lik_0p1_qstd_0p05_linearout_seed_101/results.json
111,arch_100_iters_2000_bs_64_mc_100_lr_0p001_prior_0p5_lik_0p5_qstd_0p05_sigmoid_seed_101,0.14674176275730133,0.29742905497550964,0.012538909912109375,0.1454649120569229,64,100,True,2000,0.5,0.5,100,0.001,0.05,101,hvm/hparam_results/arch_100_iters_2000_bs_64_mc_100_lr_0p001_prior_0p5_lik_0p5_qstd_0p05_sigmoid_seed_101/results.json
112,arch_100_iters_2000_bs_64_mc_50_lr_0p001_prior_0p5_lik_0p5_qstd_0p05_sigmoid_seed_101,0.1470281034708023,0.29493585228919983,0.012825250625610352,0.1429717093706131,64,50,True,2000,0.5,0.5,100,0.001,0.05,101,hvm/hparam_results/arch_100_iters_2000_bs_64_mc_50_lr_0p001_prior_0p5_lik_0p5_qstd_0p05_sigmoid_seed_101/results.json
113,arch_100_iters_2000_bs_32_mc_50_lr_0p001_prior_0p5_lik_0p5_qstd_0p05_sigmoid_seed_101,0.14897842705249786,0.29407697916030884,0.014775574207305908,0.1421128362417221,32,50,True,2000,0.5,0.5,100,0.001,0.05,101,hvm/hparam_results/arch_100_iters_2000_bs_32_mc_50_lr_0p001_prior_0p5_lik_0p5_qstd_0p05_sigmoid_seed_101/results.json
114,arch_100_iters_2000_bs_16_mc_20_lr_0p001_prior_3p0_lik_0p1_qstd_0p05_linearout_seed_101,0.14941081404685974,0.25855883955955505,0.015207961201667786,0.10659469664096832,16,20,False,2000,3.0,0.1,100,0.001,0.05,101,hvm/hparam_results/arch_100_iters_2000_bs_16_mc_20_lr_0p001_prior_3p0_lik_0p1_qstd_0p05_linearout_seed_101/results.json
115,arch_100_iters_2000_bs_32_mc_100_lr_0p001_prior_0p5_lik_0p5_qstd_0p05_sigmoid_seed_101,0.14946645498275757,0.297384113073349,0.015263602137565613,0.14541997015476227,32,100,True,2000,0.5,0.5,100,0.001,0.05,101,hvm/hparam_results/arch_100_iters_2000_bs_32_mc_100_lr_0p001_prior_0p5_lik_0p5_qstd_0p05_sigmoid_seed_101/results.json
116,arch_100_iters_2000_bs_32_mc_5_lr_0p001_prior_3p0_lik_0p1_qstd_0p05_sigmoid_seed_101,0.1499418020248413,0.2598698139190674,0.015738949179649353,0.10790567100048065,32,5,True,2000,3.0,0.1,100,0.001,0.05,101,hvm/hparam_results/arch_100_iters_2000_bs_32_mc_5_lr_0p001_prior_3p0_lik_0p1_qstd_0p05_sigmoid_seed_101/results.json
117,arch_100_iters_2000_bs_16_mc_5_lr_0p001_prior_3p0_lik_0p1_qstd_0p05_linearout_seed_101,0.15070030093193054,0.2829033136367798,0.016497448086738586,0.13093917071819305,16,5,False,2000,3.0,0.1,100,0.001,0.05,101,hvm/hparam_results/arch_100_iters_2000_bs_16_mc_5_lr_0p001_prior_3p0_lik_0p1_qstd_0p05_linearout_seed_101/results.json
118,arch_100_iters_2000_bs_32_mc_20_lr_0p001_prior_3p0_lik_0p1_qstd_0p05_sigmoid_seed_101,0.15625610947608948,0.274204820394516,0.022053256630897522,0.12224067747592926,32,20,True,2000,3.0,0.1,100,0.001,0.05,101,hvm/hparam_results/arch_100_iters_2000_bs_32_mc_20_lr_0p001_prior_3p0_lik_0p1_qstd_0p05_sigmoid_seed_101/results.json
119,arch_100_iters_2000_bs_16_mc_5_lr_0p001_prior_3p0_lik_0p1_qstd_0p05_sigmoid_seed_101,0.16021503508090973,0.2796899974346161,0.026012182235717773,0.12772585451602936,16,5,True,2000,3.0,0.1,100,0.001,0.05,101,hvm/hparam_results/arch_100_iters_2000_bs_16_mc_5_lr_0p001_prior_3p0_lik_0p1_qstd_0p05_sigmoid_seed_101/results.json
120,arch_100_iters_2000_bs_16_mc_20_lr_0p001_prior_3p0_lik_0p1_qstd_0p05_sigmoid_seed_101,0.17109881341457367,0.2968241572380066,0.036895960569381714,0.14486001431941986,16,20,True,2000,3.0,0.1,100,0.001,0.05,101,hvm/hparam_results/arch_100_iters_2000_bs_16_mc_20_lr_0p001_prior_3p0_lik_0p1_qstd_0p05_sigmoid_seed_101/results.json
121,arch_100_iters_2000_bs_16_mc_50_lr_0p001_prior_3p0_lik_0p1_qstd_0p05_sigmoid_seed_101,0.1733778864145279,0.3026401698589325,0.03917503356933594,0.15067602694034576,16,50,True,2000,3.0,0.1,100,0.001,0.05,101,hvm/hparam_results/arch_100_iters_2000_bs_16_mc_50_lr_0p001_prior_3p0_lik_0p1_qstd_0p05_sigmoid_seed_101/results.json
122,arch_100_iters_2000_bs_16_mc_100_lr_0p001_prior_3p0_lik_0p1_qstd_0p05_sigmoid_seed_101,0.17711657285690308,0.30466312170028687,0.04291372001171112,0.15269897878170013,16,100,True,2000,3.0,0.1,100,0.001,0.05,101,hvm/hparam_results/arch_100_iters_2000_bs_16_mc_100_lr_0p001_prior_3p0_lik_0p1_qstd_0p05_sigmoid_seed_101/results.json
